DM_inlet,BaseDemand
DEFAULTFLOW,1.0
DM-01-01-01-01F,104.11654216512908
DM-01-01-02-01F,121.29173949121258
DM-01-01-02-02F,503.2465270181621
DM-01-01-03-01F,92.38382849980962
DM-01-01-03-02F,141.43395844583281
DM-01-01-03-03F,228.149467585078
DM-01-01-04-01F,211.9350073666417
DM-01-01-05-01F,313.7982819729139
DM-01-01-06-01F,46.685214157706106
DM-01-01-06-02F,134.64015907638392
DM-01-02-01-01F,92.32944145604603
DM-01-02-01-02F,127.78306845101854
DM-01-02-02-02F,43.86871351496324
DM-01-02-03-02F,118.23713195348354
DM-01-02-04-02F,151.16705996016913
DM-01-02-05-01F,130.4243378640538
DM-01-03-01-01F,146.54764508338172
DM-01-03-02-01F,71.62676255922953
DM-01-03-03-01F,148.70525184254842
DM-01-03-04-01F,173.3732625952366
DM-01-03-05-01F,480.2845529178173
DM-01-03-06-01F,74.1107263214973
DM-01-03-06-03F,179.0359233705135
DM-01-04-01-01F,132.31143463824733
DM-01-04-02-01F,277.35421136258714
DM-01-04-03-01F,86.22309061021578
DM-01-04-03-02F,198.3299138625148
DM-01-04-04-01F,242.15283248770973
DM-01-04-05-01F,244.43612554770758
DM-01-04-06-01F,357.9538192338867
DM-01-04-06-02F,3.3200160510744468
DM-01-04-07-01F,276.1608970038388
DM-01-05-01-01F,215.86777678503935
DM-01-05-01-02F,113.61165052843997
DM-01-05-02-01F,189.22406904684954
DM-01-05-03-01F,161.78114790227323
DM-01-05-03-02F,211.0536738327484
DM-01-05-04-01F,207.42988019598644
DM-01-05-04-02F,186.32322110892758
DM-01-06-01-01F,111.84203186518191
DM-01-06-01-02F,102.19842278298428
DM-01-06-02-04F,0.06682215509960461
DM-01-06-02-05F,123.76855126755106
DM-01-06-03-01F,133.16313952100728
DM-01-06-03-02F,155.94210949814243
DM-01-06-04-01F,182.6612661371189
DM-01-06-04-02F,185.66823732674175
DM-01-06-05-01F,159.1984723758362
DM-01-06-05-02F,18.49885159096951
DM-01-06-05-03F,70.2935023175883
DM-01-06-05-04F,120.80477689914922
DM-01-07-01-01F,192.91896151996778
DM-01-07-02-01F,367.6605199425358
DM-01-07-02-02F,0.0
DM-01-07-03-01F,144.30080440690097
DM-01-07-03-02F,136.916206543666
DM-01-07-03-04F,28.303618953745257
DM-01-07-04-01F,155.95362852236585
DM-01-07-04-02F,59.868268807373916
DM-01-07-04-03F,8.912282414616074
DM-01-07-04-04F,80.34707241285882
DM-01-07-04-05F,81.50462961753863
DM-01-07-04-06F,106.38146684198865
DM-01-08-01-01F,166.27029422010875
DM-01-08-01-02F,137.48711788341402
DM-01-08-02-01F,77.60914969201079
DM-01-08-03-01F,251.35041313287104
DM-01-08-04-01F,84.84595490748124
DM-01-08-04-02F,82.07666444169071
DM-01-09-01-01F,173.3463808748065
DM-01-09-02-01F,89.74149801020674
DM-01-09-02-02F,76.99735598287933
DM-01-09-03-01F,157.13262358093687
DM-01-09-04-01F,205.88804754147318
DM-01-09-05-01F,78.6488002296452
DM-01-09-06-01F,76.18267029246219
DM-01-09-07-01F,339.1495767529122
DM-01-09-08-01F,276.36570546089513
DM-01-09-09-01F,182.22541313287104
DM-01-09-10-01F,118.02333942628741
DM-02-01-01-01F,171.26035488522805
DM-02-01-01-02F,160.20263609030567
DM-02-01-02-01F,49.617545196431045
DM-02-01-02-02F,114.63238183507129
DM-02-01-03-01F,0.25371727607592515
DM-02-01-03-02F,70.88947204320841
DM-02-01-03-03F,328.2260904907242
DM-02-01-04-02F,34.66621991709418
DM-02-01-04-03F,113.98833813713001
DM-02-01-04-05F,73.80511805779568
DM-02-01-07-01F,140.1761823875497
DM-02-02-01-01F,93.48152869482668
DM-02-02-01-02F,285.86327076463976
DM-02-02-02-01F,232.41468309784568
DM-02-02-03-01F,1.6382037706690653
DM-02-02-04-02F,156.88380251892474
DM-02-02-05-02F,0.0
DM-02-02-06-01F,103.8012744088237
DM-02-02-06-02F,45.29108455930942
DM-02-02-07-01F,50.771955552753326
DM-02-02-07-03F,89.11798427267551
DM-02-02-08-01F,140.45334276113277
DM-02-03-01-01F,0.0
DM-02-03-02-01F,50.12642168105044
DM-02-03-02-02F,63.47026041739081
DM-02-03-03-01F,0.0
DM-02-03-03-02F,71.32781369297892
DM-02-03-04-01F,232.42881041178634
DM-02-03-05-01F,142.0152204982596
DM-02-03-06-01F,0.0
DM-02-04-01-02F,71.52780571680894
DM-02-04-01-03F,95.29815491352679
DM-02-04-02-02F,348.52908904177053
DM-02-04-03-01F,409.0081627021954
DM-02-04-04-01F,286.53387844473184
DM-02-04-04-02F,244.2746131524274
DM-02-04-05-01F,2.4977289056688883
DM-02-04-05-02F,183.1017941030092
DM-02-04-06-01F,215.8423067036558
DM-02-08-01-01F,139.53308753429965
DM-02-08-01-02F,158.56243645813524
DM-02-08-02-01F,258.79150252687356
DM-02-08-02-02F,281.30103043351704
DM-02-08-03-01F,317.1427763517762
DM-02-08-04-01F,53.361875119371724
DM-02-08-04-02F,146.995468280653
DM-02-08-04-03F,187.9111686081242
DM-02-12-01-01F,35.72976785031165
DM-02-12-01-02F,242.64691693838873
DM-02-12-01-03F,54.472519669767586
DM-02-12-01-04F,1025.6409360858468
DM-02-12-02-01F,141.7264315639278
DM-02-12-02-02F,86.94106635138434
DM-02-12-02-03F,515.3513805555556
DM-02-12-03-01F,165.7283293401116
DM-02-13-01-01F,308.159154682236
DM-02-13-01-02F,12.617805420613587
DM-02-13-02-01F,214.63548774877486
DM-02-13-02-02F,2.5417174579538595
DM-02-13-03-01F,142.21569815564402
DM-02-13-03-02F,157.99428848632158
DM-02-13-04-01F,165.8917829978083
DM-02-13-04-02F,96.70869340449794
DM-02-13-05-01F,219.01303426785466
DM-02-13-05-02F,129.27152493546666
DM-02-13-06-01F,128.149283107883
DM-02-13-06-02F,0.05683134729443191
DM-02-14-03-03F,267.71771242077705
DM-02-14-04-02F,55.07950273035641
DM-02-14-05-01F,0.31667085413541046
DM-02-14-05-02F,109.41338765850303
DM-02-14-05-03F,129.8148763485328
DM-02-14-06-01F,192.17567214277506
DM-02-14-07-01F,3.7653151852284545
DM-02-14-07-02F,273.70296673387094
DM-02-14-07-03F,0.07115220655501901
DM-02-14-08-01F,249.2046248176417
DM-02-14-09-01F,190.0540605553381
DM-02-15-01-01F,331.9764167338504
DM-02-15-02-01F,6.021048189182845
DM-02-15-03-01F,24.40022286731397
DM-02-15-04-01F,28.077591288192846
DM-02-15-04-02F,183.73985094653483
DM-02-15-05-02F,0.0
DM-02-16-01-01F,24.146365938603655
DM-02-16-02-01F,218.2260452197802
DM-02-16-02-02F,146.1969130267742
DM-02-16-03-01F,109.14574035314708
DM-02-16-03-02F,0.0
DM-02-16-04-01F,75.31676991088659
DM-02-16-05-01F,53.65494509676373
DM-02-16-06-02F,0.0
DM-02-16-07-01F,64.02257443572942
DM-02-16-07-02F,0.4101231963888113
DM-02-16-08-02F,202.09986340738786
DM-03-01-01-01F,157.33583510359225
DM-03-01-02-01F,93.0753219789205
DM-03-01-02-02F,19.743228861021652
DM-03-01-02-03F,0.0
DM-03-01-03-01F,293.7470176359266
DM-03-01-04-01F,236.73930063809624
DM-03-01-05-01F,133.55594661828204
DM-03-01-05-02F,19.425066158504915
DM-03-01-06-02F,76.5431089770359
DM-03-01-07-01F,166.04232322547114
DM-03-01-08-01F,224.6079162599534
DM-03-01-09-01F,142.6883228998656
DM-03-02-01-01F,171.69760169845122
DM-03-02-02-01F,19.55727403342737
DM-03-02-03-01F,423.112796541896
DM-03-02-04-01F,5.1860290039175725
DM-03-02-05-01F,365.1708968723044
DM-03-02-06-01F,0.0
DM-03-02-07-01F,362.7292047010967
DM-03-02-08-01F,111.24189559382059
DM-03-02-09-01F,241.67204416717263
DM-03-03-01-01F,89.46584185154451
DM-03-03-01-02F,64.7594700862578
DM-03-03-02-01F,259.40011082080946
DM-03-03-02-02F,154.6001479737903
DM-03-03-03-01F,135.68332706255862
DM-03-03-03-02F,192.91729603373184
DM-03-03-04-01F,0.0
DM-03-03-05-01F,148.3110277230009
DM-03-03-06-01F,114.02121862726396
DM-03-03-06-02F,47.502105600696346
DM-03-03-07-02F,109.50083360157616
DM-03-03-08-01F,120.00808697563822
DM-03-03-09-01F,152.4427550672043
DM-03-03-10-01F,110.19456664344055
DM-03-03-10-02F,61.736393966547176
DM-03-03-11-01F,159.70868690698939
DM-03-03-11-02F,9.639424693100358
DM-03-03-12-01F,282.87851982051365
DM-03-03-13-01F,362.79496474540724
DM-03-04-01-01F,156.71318608124253
DM-03-04-02-01F,292.24229751656924
DM-03-04-03-01F,296.3424981215003
DM-03-04-04-01F,0.0
DM-03-04-04-02F,29.794854322844866
DM-03-04-05-01F,63.1067085483399
DM-03-04-06-01F,176.1833128845908
DM-03-04-07-01F,111.64328522007712
DM-03-04-08-01F,429.1510556963217
DM-03-05-01-01F,455.6024234021921
DM-03-05-02-01F,210.4810719688679
DM-03-05-03-01F,91.62356408201715
DM-03-05-04-01F,315.3443760465367
DM-03-05-05-01F,297.16546867852577
DM-03-05-06-01F,103.40114713681777
DM-03-05-07-01F,203.94992991812398
DM-03-05-08-01F,182.1668187744898
DM-03-05-09-01F,158.5144512736397
DM-03-05-09-02F,16.268379722304278
DM-03-05-10-01F,276.6413667561083
DM-03-05-11-01F,220.977231036612
DM-03-05-12-01F,243.9575890424588
DM-03-05-12-02F,75.86752393928391
DM-03-06-01-01F,222.9039955680897
DM-03-06-01-02F,999.8817268518519
DM-03-06-02-02F,73.1803283784398
DM-03-06-03-01F,436.3878829858568
DM-03-06-03-02F,9.381436227393424
DM-03-06-04-01F,111.4974897010729
DM-03-06-04-02F,76.0035149917287
DM-03-06-05-01F,234.2376826512958
DM-03-06-05-02F,64.98654009009323
DM-03-06-06-01F,142.4271485740842
DM-03-06-06-02F,0.0
DM-03-06-07-01F,517.7516859447006
DM-03-06-08-01F,5.441263587839878
DM-03-06-08-02F,247.04305030988652
DM-03-06-09-01F,0.0
DM-03-06-10-01F,52.40652724014336
DM-03-06-11-01F,323.75125675481587
DM-03-06-12-01F,95.84906897913466
DM-03-06-13-01F,46.45650604126666
DM-03-06-13-02F,9.244855263371262
DM-04-03-01-01F,271.59592880223653
DM-04-03-01-02F,31.050138568517614
DM-04-03-02-01F,123.70884447414892
DM-04-03-03-01F,165.5183146505018
DM-04-03-04-01F,132.00104511228204
DM-04-03-05-01F,190.23155709511252
DM-04-03-06-01F,214.09566566408515
DM-04-03-07-01F,171.34370671507796
DM-04-03-07-02F,27.311237060632394
DM-04-03-08-01F,200.32060924565954
DM-04-03-09-01F,225.18441193595564
DM-04-03-10-01F,167.71280968754922
DM-04-03-11-01F,201.71752478457495
DM-04-03-12-01F,177.6377517656263
DM-04-05-01-01F,167.81458780256295
DM-04-05-02-01F,70.72889940614455
DM-04-05-03-01F,114.05717485958489
DM-04-05-04-01F,280.13332580394405
DM-04-05-05-01F,99.82389702807644
DM-04-05-06-01F,264.3938995195795
DM-04-05-07-01F,77.31772190790467
DM-04-05-08-01F,219.66764087572372
DM-04-05-09-01F,128.1971810640722
DM-04-05-10-01F,149.24605124684908
DM-04-05-11-01F,126.1251407356749
DM-04-05-12-01F,153.12398866194218
DM-04-05-13-01F,175.3253079169419
DM-04-05-14-01F,192.05621542502
DM-04-06-01-01F,59.89490895003741
DM-04-06-02-01F,227.38664168986816
DM-04-06-03-01F,137.08416021575943
DM-04-06-04-01F,124.60634797104963
DM-04-06-05-01F,119.79135402174865
DM-04-06-06-01F,171.22869204039728
DM-04-06-07-01F,145.92504927896513
DM-04-06-08-01F,135.2341955032404
DM-04-06-09-01F,146.96792384257617
DM-04-06-10-01F,113.42953511646472
DM-04-06-11-01F,155.7242667583503
DM-04-06-12-01F,171.73402613500593
DM-04-06-13-01F,154.8962620874414
DM-04-06-14-01F,66.12106540184521
DM-04-08-01-01F,32.170534566647135
DM-04-08-01-02F,129.17734042402006
DM-04-08-02-01F,236.4284540893899
DM-04-08-03-01F,163.9089162311311
DM-04-08-04-01F,181.48978431606997
DM-04-08-05-01F,302.8043616658584
DM-04-08-06-01F,205.34745301553622
DM-04-08-07-01F,540.7724811081243
DM-04-08-08-01F,131.10601549242537
DM-04-08-09-01F,163.71346638851668
DM-04-08-10-01F,100.63550939926938
DM-04-09-01-01F,218.37355574270805
DM-04-09-02-01F,75.5647367430889
DM-04-09-03-01F,229.11429204135845
DM-04-09-04-01F,123.36173662291823
DM-04-09-05-01F,0.5857361973648365
DM-04-09-06-01F,170.2656428060337
DM-04-09-07-01F,0.004741307802673693
DM-04-09-08-01F,144.20482853991973
DM-04-09-09-01F,127.62145734500832
DM-04-09-10-01F,39.91327305834549
DM-04-09-11-01F,172.3117629450172
DM-04-09-12-01F,181.88730423509767
DM-04-09-13-01F,245.34749096608962
DM-04-09-14-01F,155.25340494458428
DM-04-09-15-01F,32.55440318850355
DM-05-01-01-01F,166.22731534452257
DM-05-01-01-03F,53.21823322433354
DM-05-01-02-01F,178.4724776673871
DM-05-01-03-03F,220.3006582298026
DM-05-01-04-01F,85.59312044649012
DM-05-01-04-02F,56.0480029406682
DM-05-01-05-01F,127.02504042655039
DM-05-01-05-02F,0.26632548715061816
DM-05-01-06-01F,69.9600553967782
DM-05-01-07-01F,325.48836297715064
DM-05-01-08-01F,461.01831668561755
DM-05-01-09-02F,327.14274047916507
DM-05-02-01-01F,69.51391179815407
DM-05-02-01-02F,93.75275799295052
DM-05-02-02-01F,222.66583111565149
DM-05-02-02-02F,108.01275834109589
DM-05-02-02-03F,7.339149883237655
DM-05-02-03-01F,95.5346313176064
DM-05-02-04-02F,1550.2312855269658
DM-05-02-05-01F,279.6822459730716
DM-05-02-06-02F,219.62920470245479
DM-05-02-07-01F,169.70747830501563
DM-05-02-08-01F,113.68640450941682
DM-05-03-01-01F,53.980225758933045
DM-05-03-01-02F,64.28906402767304
DM-05-03-02-01F,113.17980624725743
DM-05-03-02-02F,0.0
DM-05-03-02-03F,119.1634991115698
DM-05-03-03-01F,58.70152928343313
DM-05-03-03-03F,145.27884171101
DM-05-03-04-01F,0.22997899387922904
DM-05-03-04-02F,164.9588569872287
DM-05-03-05-01F,25.445755501494848
DM-05-03-05-02F,62.96970220919483
DM-05-03-06-01F,124.97083805849319
DM-05-03-06-02F,94.91130540621266
DM-05-04-01-01F,91.83567204299023
DM-05-04-02-01F,106.27767825418572
DM-05-04-03-01F,106.47621678477985
DM-05-04-03-02F,0.0
DM-05-04-04-01F,0.0
DM-05-04-05-01F,139.29060941972082
DM-05-04-06-01F,99.04503732341135
DM-05-04-06-02F,108.40525460641588
DM-05-04-06-03F,56.041587857544926
DM-05-04-06-04F,45.41268547379031
DM-05-04-07-01F,168.95100500765383
DM-05-04-07-02F,115.85575653628293
DM-05-04-08-01F,0.0
DM-05-04-09-01F,0.0
DM-05-04-10-02F,80.84423088410992
DM-05-04-10-03F,60.75438985961768
DM-05-04-10-04F,2.85990700145652
DM-05-04-11-01F,40.530792016133134
DM-05-05-01-01F,321.8171964681596
DM-05-05-02-02F,47.38079569811646
DM-05-05-02-03F,288.76649679835515
DM-05-05-03-01F,62.27068197048734
DM-05-05-04-01F,133.54563283630458
DM-05-05-05-01F,80.56654932568402
DM-05-05-06-01F,87.24052914252154
DM-05-05-07-01F,136.19453303581125
DM-05-05-07-02F,133.28618301849062
DM-05-05-08-01F,167.00299346148103
DM-05-05-08-02F,180.94686834436175
DM-05-05-09-01F,93.22645583384207
DM-05-05-09-02F,75.47782783840935
DM-05-05-09-03F,95.28250741277388
DM-05-05-09-04F,92.06777064211495
DM-05-05-10-01F,0.0
DM-05-05-11-01F,80.35090860551075
DM-05-05-12-01F,87.38898167535439
DM-05-05-12-02F,0.0
DM-05-05-12-03F,147.14601619656477
DM-05-05-13-01F,70.24956147413742
DM-05-05-14-01F,44.77939827690045
DM-05-05-14-02F,72.14963400591343
DM-06-01-01-01F,74.52417867592756
DM-06-01-02-01F,56.12312447119077
DM-06-01-02-02F,8.94402326263622
DM-06-01-03-01F,78.66702557401418
DM-06-01-03-02F,149.12210844758064
DM-06-01-03-03F,121.79165699260756
DM-06-01-04-01F,59.08352976821221
DM-06-01-04-03F,71.90239197100203
DM-06-01-05-01F,79.31161465054173
DM-06-01-05-03F,232.2290041252568
DM-06-01-05-04F,72.30198043786186
DM-06-01-06-01F,49.29385038755712
DM-06-01-06-02F,52.10553716554987
DM-06-02-01-01F,32.83163787515986
DM-06-02-01-02F,46.804148542957016
DM-06-02-02-01F,95.9599734022003
DM-06-02-03-01F,134.34539672229542
DM-06-02-03-02F,18.889690784764067
DM-06-02-03-03F,157.66347427006815
DM-06-02-04-01F,49.120130975964
DM-06-02-04-02F,157.83127388976686
DM-06-02-05-01F,125.8077113184844
DM-06-02-05-02F,28.357601953056278
DM-06-02-06-01F,185.31885762980096
DM-06-02-06-02F,18.910800128972358
DM-06-02-07-01F,517.8360777777779
DM-06-02-07-03F,136.3780116526145
DM-06-03-01-01F,81.29136127132445
DM-06-03-02-01F,6.854425115740739
DM-06-03-02-02F,133.37020127384153
DM-06-03-03-01F,59.17832084526435
DM-06-03-03-02F,128.34993723193773
DM-06-03-03-03F,80.34259931445457
DM-06-03-04-01F,69.93374460566912
DM-06-03-04-02F,104.07032348955924
DM-06-03-05-01F,26.018462938058804
DM-06-03-06-02F,107.42733642896941
DM-06-03-07-01F,64.6650156029555
DM-06-03-08-01F,56.66998163810894
DM-06-03-08-03F,133.68860920073243
DM-06-04-01-01F,55.459402081236796
DM-06-04-01-02F,1.771226552087026
DM-06-04-01-03F,342.88416738107543
DM-06-04-01-04F,31.60341533438448
DM-06-04-02-01F,153.0402918688047
DM-06-04-02-03F,50.00691032594087
DM-06-04-03-01F,319.9708053107527
DM-06-04-03-02F,0.34140534430921526
DM-06-04-04-02F,121.17968878804142
DM-06-04-04-03F,269.22480873262975
DM-06-04-04-04F,6.371295083472007
DM-06-04-05-01F,139.15732934442016
DM-06-04-05-02F,310.1401912819625
DM-06-04-05-03F,58.05909613987603
DM-06-04-06-01F,279.10365362747314
DM-06-04-06-03F,179.80266699596777
DM-06-04-06-04F,126.67403897513441
DM-06-04-06-05F,74.10139018500877
DM-06-04-07-01F,194.90560039082297
DM-06-04-07-02F,135.23405745116034
DM-06-04-07-03F,128.27019865109727
DM-06-04-08-01F,213.480050178994
DM-06-04-08-02F,129.6552253245459
DM-06-04-08-03F,258.0647135072268
DM-06-05-01-01F,89.63636509416398
DM-06-05-01-02F,134.22427538880274
DM-06-05-01-03F,52.17369122655236
DM-06-05-02-01F,61.079831142546965
DM-06-05-02-02F,39.30592674736342
DM-06-05-03-01F,77.81017138433717
DM-06-05-03-02F,167.9572827514007
DM-06-05-03-03F,161.08591783164374
DM-06-05-04-01F,39.92737184798699
DM-06-05-04-02F,77.65375075369337
DM-06-05-05-02F,247.9718636298364
DM-06-05-05-03F,268.018206478507
DM-06-05-06-01F,139.53361685605427
DM-06-05-07-01F,96.74175925472566
DM-06-05-07-02F,66.10849833175077
DM-06-05-08-01F,115.74208353705923
DM-06-05-09-01F,146.46964685191153
DM-06-05-09-02F,256.4168546182155
DM-06-05-09-03F,124.95953832533183
DM-06-05-10-01F,9.2295615575643
DM-06-05-10-02F,59.43461061827955
DM-06-05-10-03F,78.64468061768056
DM-06-06-01-01F,161.1490598436823
DM-06-06-01-02F,64.00496885247631
DM-06-06-01-03F,118.617003378727
DM-06-06-02-01F,111.05073415884874
DM-06-06-03-01F,89.79878328394761
DM-06-06-03-02F,123.06186263648463
DM-06-06-04-01F,227.72562550070882
DM-06-06-05-01F,77.97837569451121
DM-06-06-05-03F,79.45508289977943
DM-06-06-06-02F,31.37732658676001
DM-06-06-06-03F,21.082324301490402
DM-06-06-06-04F,391.3383288345263
DM-06-06-07-01F,116.01260327258687
DM-06-06-07-02F,162.36123824037352
DM-06-06-07-03F,10.803214268597294
DM-06-06-08-01F,130.93511325922398
DM-06-06-08-02F,44.94481505618819
DM-06-06-09-01F,238.14692672652282
DM-06-06-10-01F,28.374452173160623
DM-06-06-10-02F,11.402789424677026
DM-06-06-11-01F,55.19312747320927
DM-06-06-12-01F,52.754621995655945
DM-07-01-01-01F,138.08025414797643
DM-07-01-01-02F,91.35369379069817
DM-07-01-03-01F,204.48065914591496
DM-07-01-04-01F,184.23254052419358
DM-07-01-04-02F,168.77265419653526
DM-07-01-04-04F,123.82265117980886
DM-07-01-05-02F,36.636733363201905
DM-07-01-05-03F,135.52386470280763
DM-07-01-05-04F,126.99100291965355
DM-07-01-06-01F,155.9282883363202
DM-07-01-06-02F,214.12733124253282
DM-07-01-06-04F,70.30769727449224
DM-07-01-07-01F,228.67966552899387
DM-07-01-07-02F,197.2883591765276
DM-07-01-08-02F,159.94156083430346
DM-07-01-09-01F,77.58498519265233
DM-07-01-09-02F,54.676871740591416
DM-07-01-09-03F,172.1381805777015
DM-07-01-09-05F,157.1217494997013
DM-07-01-09-06F,96.53417611260454
DM-07-01-10-01F,182.06286528701287
DM-07-01-11-01F,248.49840715836584
DM-07-01-11-03F,233.05611007797833
DM-07-04-01-01F,147.36584372873077
DM-07-04-02-01F,104.4462742980884
DM-07-04-02-02F,109.52956978046596
DM-07-04-03-01F,79.12641152628436
DM-07-04-03-02F,27.449997562889248
DM-07-04-03-03F,213.05196030568518
DM-07-04-04-01F,79.0132374850657
DM-07-04-04-02F,101.52614503434887
DM-07-04-05-01F,115.83269623325073
DM-07-04-06-01F,130.90916651951878
DM-07-04-07-01F,77.37847070072064
DM-07-04-08-01F,90.08843084794984
DM-07-04-09-01F,700.0
DM-07-04-10-01F,69.61479809094355
DM-07-04-11-01F,82.4973383885902
DM-07-04-11-03F,207.3576793579709
DM-07-04-12-01F,42.684054099462365
DM-07-04-13-01F,0.0
DM-07-04-13-02F,96.0430805132554
DM-07-04-14-01F,31.122560274790914
DM-07-04-15-01F,152.99344043201236
DM-07-04-16-01F,54.08247841921557
DM-07-04-16-02F,70.58913562574672
DM-07-04-16-05F,62.92834849551582
DM-07-04-18-01F,0.0
DM-07-04-19-01F,109.25383830263974
DM-07-04-20-01F,13.810657032880874
DM-07-04-21-01F,0.0007117383512544798
DM-07-04-22-01F,160.170137467998
DM-07-04-22-02F,145.76085872909198
DM-07-04-23-01F,305.4058006294803
DM-07-05-01-01F,64.01697756364204
DM-07-05-02-02F,498.2816395094085
DM-07-05-03-01F,58.75137186913295
DM-07-05-04-01F,2.6434550851254484
DM-07-05-04-02F,211.6717563082769
DM-07-05-04-03F,83.8259858572282
DM-07-05-05-01F,152.61412797204665
DM-07-05-05-02F,233.96579559998506
DM-07-05-06-01F,22.590172071163597
DM-07-05-06-02F,108.85238075268815
DM-07-05-07-01F,124.69915991796806
DM-07-05-08-01F,90.96323658527483
DM-07-05-09-01F,1.4467227630568356
DM-07-05-09-02F,218.36858730815177
DM-07-05-10-01F,0.0
DM-07-05-10-02F,63.41006784236858
DM-07-05-11-01F,150.12008032331133
DM-07-05-11-02F,492.6987780316606
DM-07-05-11-03F,1.2668918981481483
DM-07-05-11-04F,178.05679988102176
DM-07-05-12-01F,110.01362090305713
DM-07-05-12-02F,28.6753045874936
DM-07-05-12-03F,293.6845856059332
DM-07-05-13-01F,0.0
DM-07-05-14-01F,7.712868027180406
DM-07-05-15-01F,92.16297757616489
DM-07-06-01-01F,82.23789834442739
DM-07-06-01-02F,79.38413974761052
DM-07-06-02-02F,2.400148604304149
DM-07-06-02-03F,35.268027501353934
DM-07-06-02-04F,94.92513563693426
DM-07-06-03-01F,128.72158674362336
DM-07-06-03-02F,0.022090509259259244
DM-07-06-03-03F,0.17786945937873352
DM-07-06-03-04F,218.93874707270155
DM-07-06-04-01F,2.6706385887096773
DM-07-06-04-03F,110.03373199351425
DM-07-06-05-02F,117.25327008412984
DM-07-06-07-01F,101.40169329660966
DM-07-06-08-01F,59.10471153076463
DM-07-06-09-01F,100.2184487232973
DM-07-06-10-01F,44.0129497162485
DM-07-06-11-01F,124.64292521955906
DM-07-07-01-01F,223.35885428667427
DM-07-07-02-01F,128.85795173984465
DM-07-07-02-03F,6.733952191606928
DM-07-07-02-04F,96.91785841344513
DM-07-07-04-01F,63.212021385902034
DM-07-07-04-02F,154.13923703687706
DM-07-07-04-03F,45.34200121426439
DM-07-07-05-01F,117.34967083034645
DM-07-07-05-02F,2.6582972803592764
DM-07-07-06-01F,183.81954773798853
DM-07-07-06-02F,147.30302361857824
DM-07-07-06-03F,1.7798542936081245
DM-07-07-07-01F,132.80670706391876
DM-07-07-07-02F,4.202985137768818
DM-07-07-07-03F,68.3710045683017
DM-07-07-08-01F,45.87209041373614
DM-07-07-09-01F,3.2404007467144567
DM-07-07-10-01F,45.84630764919686
DM-07-07-11-01F,52.93527010902031
DM-11-03-05-01F,144.09740800029456
DM-11-03-06-01F,166.87822195297625
DM-11-03-11-01F,190.1106294398514
DM-11-03-32-01F,217.73267946824794
DM-11-03-32-02F,19.358751280816332
DM-11-03-33-01F,279.3962198176725
DM-11-03-34-01F,206.21037666922044
DM-11-03-34-02F,47.387760162311565
DM-11-03-39-01F,259.4414554662329
DM-11-03-40-01F,180.2405985687517
DM-11-03-40-02F,93.263240676069
DM-11-03-41-01F,223.8266999334645
DM-11-03-42-01F,120.77085088751524
DM-11-03-42-02F,57.836414797790134
DM-11-03-43-01F,146.76862814742603
DM-11-03-43-02F,197.6812365955915
DM-11-03-44-01F,161.0790406257303
DM-11-05-26-01F,256.50125192587507
DM-11-05-27-01F,93.29342794470521
DM-11-05-28-01F,387.6815841009928
DM-11-05-29-01F,122.39837975086813
DM-11-05-30-01F,147.32471254035335
DM-11-05-30-02F,63.74249389976138
DM-11-05-31-01F,178.60286963449968
DM-11-06-09-01F,261.8094968335204
DM-11-06-09-02F,301.9762431443899
DM-11-06-09-04F,66.63202306919335
DM-11-06-10-01F,190.09335623842176
DM-11-06-11-02F,189.5921166315023
DM-11-06-15-01F,191.32971065516804
DM-11-06-17-01F,203.4774047707381
DM-11-06-18-01F,108.65590844911098
DM-11-06-18-02F,56.387920859655
DM-11-06-19-01F,110.65559503726188
DM-11-06-19-02F,80.90901791666666
DM-11-06-24-01F,107.06138632359949
DM-11-06-24-02F,326.55122178884045
DM-11-06-25-01F,412.5911860248369
DM-11-07-47-01F,266.8694379690516
DM-11-07-47-02F,254.29292116892285
DM-11-07-50-01F,246.7516117073811
DM-11-07-51-01F,165.61662025702776
DM-11-07-52-01F,314.92152244383306
DM-11-07-53-03F,337.34494430746264
DM-11-07-53-05F,123.41032986993702
DM-11-07-54-01F,83.38731144680439
DM-11-07-54-02F,253.93315088288315
DM-11-07-55-01F,210.1821943638157
DM-11-07-56-01F,176.78732451848404
DM-11-07-57-01F,1.774153210978836
DM-11-07-57-02F,92.99246954498835
DM-11-08-07-01F,262.90652228778123
DM-11-08-08-02F,68.03875887433207
DM-11-08-12-02F,181.69888668115584
DM-11-08-13-02F,81.44034612023317
DM-11-08-14-01F,316.2894746667438
DM-11-08-16-01F,297.0982840817751
DM-11-08-20-01F,233.82288223906437
DM-11-08-21-01F,231.9155788538428
DM-11-08-22-01F,268.56741543199684
DM-11-08-23-01F,0.10473489664159012
DM-11-10-58-01F,121.10124527980679
DM-11-10-58-02F,207.56528469767906
DM-11-10-59-01F,102.0902999042463
DM-11-10-60-01F,240.20046400615993
DM-11-10-61-01F,119.78709576165134
DM-11-10-62-01F,275.536077316019
DM-11-10-63-01F,230.88640387526752
DM-11-10-64-01F,108.24564288071163
DM-11-10-65-01F,243.5979265291338
DM-11-10-66-01F,260.7505348951123
DM-11-10-66-02F,275.20174632019035
DM-11-10-67-01F,113.9987582581203
DM-11-10-67-03F,95.92464606422607
DM-11-10-68-01F,103.26259503390163
DM-11-10-68-02F,61.60325262612704
DM-11-10-68-03F,36.08932648289695
DM-11-10-68-04F,81.08728010458105
DM-11-10-69-01F,102.25302953730373
DM-11-10-69-02F,201.9577286350224
DM-11-10-70-01F,86.05593874896608
DM-11-10-70-02F,25.294881312801966
DM-11-10-71-01F,170.89761883718916
DM-11-10-71-02F,91.48499865970295
DM-11-10-72-01F,60.52678714164272
DM-11-10-72-02F,110.05018175565904
DM-11-10-72-03F,346.87650293841165
DM-11-10-73-02F,103.50223074889306
DM-11-10-73-03F,28.448454604483405
DM-11-10-73-04F,192.99235596130868
DM-12-01-01-01F,83.75176016121088
DM-12-01-01-02F,52.14474350425282
DM-12-01-02-01F,14.212922779346428
DM-12-01-02-02F,154.08592582263387
DM-12-01-03-02F,135.81636913179676
DM-12-01-04-02F,97.62422373107331
DM-12-01-05-01F,137.32075070073407
DM-12-01-05-03F,28.348758167475015
DM-12-01-06-01F,46.91345281800608
DM-12-01-07-01F,133.62319598367324
DM-12-01-08-01F,189.25867981262274
DM-12-02-01-01F,129.41907216069487
DM-12-02-02-01F,145.71326753157146
DM-12-02-03-01F,125.60255486936192
DM-12-02-04-01F,362.358149402281
DM-12-02-05-01F,32.26899014866642
DM-12-02-06-01F,517.8706462365592
DM-12-02-07-01F,220.45448086902044
DM-12-02-07-02F,211.34574994045158
DM-12-02-08-01F,119.7025704573003
DM-12-02-08-02F,212.7714262934526
DM-12-03-01-01F,187.79687609192365
DM-12-03-01-02F,19.489729942515293
DM-12-03-02-01F,33.84937154661081
DM-12-03-02-02F,29.707587133736563
DM-12-03-03-01F,61.4293616468407
DM-12-03-04-02F,217.25357492480398
DM-12-03-05-01F,66.23535648880166
DM-12-03-06-01F,147.4722658102857
DM-12-03-07-01F,84.91897391262786
DM-12-03-08-01F,68.33055232593391
DM-12-03-09-01F,63.644583459421405
DM-12-03-09-02F,33.086501634488194
DM-12-03-10-01F,43.2741690563877
DM-12-03-11-01F,160.30750747923358
DM-12-04-01-01F,517.9080111111111
DM-12-04-02-01F,221.1312506304855
DM-12-04-02-02F,181.03438513424445
DM-12-04-03-01F,165.08130236514424
DM-12-04-04-03F,280.8410823667145
DM-12-04-05-01F,221.79414361452461
DM-12-04-05-02F,402.569480618826
DM-12-04-06-01F,517.7722213261651
DM-12-04-06-02F,75.68839066822738
DM-12-04-07-01F,102.78875050322762
DM-12-04-07-02F,174.48547930281075
DM-12-04-08-01F,99.55302514046521
DM-12-04-09-01F,145.56304946312872
DM-12-05-01-01F,153.46834012740405
DM-12-05-02-01F,132.89129438291707
DM-12-05-03-01F,183.43955879501007
DM-12-05-04-01F,34.78183369639862
DM-12-05-05-01F,3.6189473255877185
DM-12-05-05-02F,97.74552664050519
DM-12-05-06-02F,105.46470004739177
DM-12-05-07-01F,104.20606869796477
DM-12-05-08-01F,86.77162586269804
DM-12-05-08-02F,236.74362420861402
DM-12-05-09-01F,226.35971576519918
DM-12-05-10-01F,180.81505279677796
DM-12-06-01-01F,178.8742190009494
DM-12-06-01-02F,59.93954242153342
DM-12-06-02-01F,70.45085535097631
DM-12-06-02-02F,82.92572930269738
DM-12-06-03-02F,245.9073098560523
DM-12-06-04-01F,138.29015096447773
DM-12-06-05-01F,101.69216735005476
DM-12-06-06-01F,108.35422281743159
DM-12-06-07-01F,85.3432984190277
DM-12-06-07-02F,146.22632902553764
DM-12-06-08-01F,63.99343498007184
DM-12-06-09-01F,40.19681956364728
DM-12-06-10-01F,42.52196924154325
DM-12-07-01-01F,40.40564648789246
DM-12-07-02-03F,272.59384301424825
DM-12-07-03-01F,98.86208265342111
DM-12-07-03-02F,211.80532622591568
DM-12-07-03-03F,24.159521248674793
DM-12-07-04-01F,117.67738709808863
DM-12-07-04-02F,191.01010739417782
DM-12-07-05-01F,210.77469792444492
DM-12-07-06-01F,207.22884550872593
DM-12-07-07-01F,131.04256245056914
DM-12-07-08-01F,90.80586524423308
DM-12-07-09-01F,45.90348987529298
DM-12-07-10-01F,0.0033844212962962955
DM-13-01-01-01F,182.7948861697282
DM-13-01-01-02F,90.14866175776517
DM-13-01-02-01F,1.4297981577487624
DM-13-01-03-01F,500.0
DM-13-01-03-02F,158.45368309109563
DM-13-01-04-02F,499.9807098765432
DM-13-01-04-04F,20.81483690262844
DM-13-01-04-05F,185.2474942603793
DM-13-01-05-01F,202.7691330478176
DM-13-01-05-02F,339.709935650015
DM-13-01-06-01F,20.466375309823377
DM-13-01-06-02F,98.77831927270012
DM-13-01-07-02F,38.41582428612524
DM-13-01-08-01F,13.129403890703808
DM-13-02-01-01F,141.1119439499369
DM-13-02-01-02F,4.008714290514594
DM-13-02-02-01F,201.66587443926664
DM-13-02-03-01F,46.658001550006894
DM-13-02-03-02F,27.80049248150446
DM-13-02-04-01F,74.22804759439491
DM-13-02-04-02F,47.35303573772302
DM-13-02-04-03F,55.42317821945937
DM-13-02-04-04F,38.884271805395905
DM-13-02-04-05F,106.80482301378619
DM-13-02-05-01F,194.37292608482838
DM-13-02-05-02F,37.82500828812018
DM-13-02-06-01F,198.91542960453577
DM-13-02-07-02F,30.11015454217787
DM-13-02-08-01F,108.40153511798091
DM-13-03-01-01F,92.18458328176678
DM-13-03-01-02F,29.166392865463393
DM-13-03-02-01F,63.53220817425743
DM-13-03-02-02F,126.7512936702867
DM-13-03-03-01F,63.427672214755084
DM-13-03-03-02F,15.99337171557646
DM-13-03-04-01F,199.19221065001489
DM-13-03-04-02F,1.029117961096177
DM-13-03-04-03F,32.73222512694145
DM-13-03-05-01F,266.13760173984474
DM-13-03-05-02F,60.310951632862476
DM-13-03-06-01F,101.54825176971325
DM-13-03-06-03F,10.979094632989847
DM-13-03-07-01F,21.911635043309435
DM-13-03-07-02F,141.09037658154122
DM-13-03-07-03F,34.271882982377534
DM-13-04-01-01F,92.10856229091998
DM-13-04-01-02F,0.22594475806451608
DM-13-04-01-03F,104.07614107676223
DM-13-04-01-04F,74.37587707970793
DM-13-04-02-01F,200.98776722658872
DM-13-04-03-01F,192.4811558180197
DM-13-04-04-01F,80.79812055874045
DM-13-04-04-02F,116.30630619960796
DM-13-04-05-01F,294.7713985069444
DM-13-04-06-01F,0.20817314814814813
DM-13-04-06-02F,131.96173509076982
DM-13-04-06-03F,92.2896956765233
DM-13-04-07-01F,169.2487133064516
DM-13-04-08-01F,262.3379382392473
DM-13-04-08-02F,28.34922668810206
DM-13-04-08-04F,19.880462755774943
DM-13-04-09-01F,201.11278738590303
DM-13-04-09-02F,75.64467293160097
DM-13-05-01-01F,0.5053955869175628
DM-13-05-01-02F,162.7979357039361
DM-13-05-01-03F,97.76006972426133
DM-13-05-02-01F,40.97666074522103
DM-13-05-02-02F,46.3379908412983
DM-13-05-03-01F,69.13630329777004
DM-13-05-04-01F,19.65805056779727
DM-13-05-04-03F,0.047773379629629624
DM-13-05-04-04F,399.6061836299128
DM-13-05-05-01F,84.60534905167266
DM-13-05-06-01F,86.28786054360813
DM-13-05-06-02F,17.02732697879331
DM-13-05-07-01F,23.823724843189968
DM-13-05-07-02F,203.1453302045427
DM-13-05-08-01F,188.86775222439192
DM-13-05-08-02F,143.4533752997525
DM-13-05-09-01F,80.77958265862348
DM-13-05-09-02F,19.647484714755073
DM-13-06-01-01F,197.03315130466174
DM-13-06-01-02F,109.43398122252707
DM-13-06-02-01F,125.5281596397789
DM-13-06-02-02F,285.2941668413979
DM-13-06-02-03F,185.24498410244925
DM-13-06-04-01F,3.0127449189814812
DM-13-06-04-02F,229.32359341259175
DM-13-06-04-03F,8.468763932327116
DM-13-06-05-01F,98.91365552942052
DM-13-06-05-02F,53.63150954626261
DM-13-06-05-03F,178.18643395310633
DM-13-07-01-01F,182.39147524186873
DM-13-07-01-03F,180.4406089419056
DM-13-07-02-01F,180.78417563558753
DM-13-07-03-01F,28.436416358838642
DM-13-07-03-02F,129.20731765673523
DM-13-07-04-01F,188.76790843259377
DM-13-07-04-02F,78.65103063769415
DM-13-07-04-03F,80.08716850358424
DM-13-07-05-01F,5.562653156058398
DM-13-07-05-02F,5.028494414575865
DM-13-07-05-03F,277.97626851934353
DM-13-07-06-01F,398.8437154498093
DM-13-07-07-01F,81.49460468189965
DM-13-07-07-02F,3.6415431203063666
DM-13-07-07-04F,82.61203694257765
DM-13-07-07-05F,121.60002692453092
DM-14-05-01-02F,412.23503601573475
DM-14-05-02-01F,400.65410628659987
DM-14-05-03-01F,217.56545996364073
DM-14-05-05-01F,196.54629781810445
DM-14-05-06-01F,250.63803032377862
DM-14-05-06-02F,150.48038690015042
DM-14-05-07-01F,19.216720390145994
DM-14-06-01-01F,157.25823708677152
DM-14-06-01-02F,108.67130944061239
DM-14-06-02-02F,356.4687453702843
DM-14-06-03-01F,121.74299552313984
DM-14-06-04-01F,160.93920987787115
DM-14-06-04-02F,120.37671562081918
DM-14-06-04-04F,181.97837626941455
DM-14-06-05-01F,98.23520263231096
DM-14-06-06-01F,176.02949808007403
DM-14-06-06-02F,94.21176525242213
DM-14-07-01-01F,136.23113993549202
DM-14-07-01-03F,43.570438948642455
DM-14-07-02-02F,481.98973076072554
DM-14-07-03-02F,262.93255685940727
DM-14-07-03-03F,0.036821618052273235
DM-14-07-03-04F,143.9690211350634
DM-14-07-04-01F,235.05080837186833
DM-14-07-05-01F,209.8366521646432
DM-14-07-06-01F,0.8316277865119499
DM-14-07-07-01F,128.85284900803777
DM-14-07-08-01F,0.22034494796795193
DM-14-09-01-01F,230.21646675884713
DM-14-09-02-01F,109.64522865228707
DM-14-09-02-02F,155.41329910718798
DM-14-09-02-03F,150.396995296521
DM-14-09-03-01F,148.8099985700254
DM-14-10-01-01F,114.16497947763632
DM-14-10-02-01F,45.073617289717276
DM-14-10-03-02F,155.965641929424
DM-14-10-04-02F,162.06657439198423
DM-14-10-05-01F,6.550275442850904
DM-14-10-05-02F,214.5659888592544
DM-14-10-06-01F,182.95910663002746
DM-14-10-07-01F,49.40315089140885
DM-14-10-07-02F,92.2199800743973
DM-14-11-01-02F,141.59546234921203
DM-14-11-02-01F,152.5929616243495
DM-14-11-03-01F,0.1452501745793782
DM-14-11-04-01F,134.6823754071748
DM-14-11-05-01F,63.088455118860374
DM-14-11-05-02F,177.92183203822697
DM-14-11-06-01F,378.25721986399066
DM-14-11-06-02F,0.3805593894236736
DM-14-11-06-03F,0.23838786021997713
DM-14-11-07-01F,316.4789496678641
DM-14-11-07-02F,0.0010083614417989398
DM-14-11-08-01F,152.5080533050577
DM-14-11-08-02F,117.40670065216698
DM-14-11-09-01F,132.6242991306099
DM-14-11-10-01F,110.61869650704223
DM-14-11-11-01F,195.46155665322578
DM-14-11-11-02F,3.3645427191073565
DM-14-11-12-01F,116.65390825626865
DM-14-17-01-01F,0.4529907488479262
DM-14-17-01-02F,0.09388924510040426
DM-14-17-02-01F,189.6034292379511
DM-14-17-02-02F,0.19332037087744236
DM-14-17-03-01F,70.55404304829416
DM-14-17-03-02F,96.34801502068085
DM-14-17-04-01F,111.03206781359808
DM-14-17-04-02F,105.50731322471512
DM-14-17-05-01F,100.97031809103065
DM-14-17-06-01F,350.7800086323451
DM-14-18-01-01F,143.84829444790108
DM-14-18-01-02F,183.56671916658024
DM-14-18-02-01F,324.70580657962097
DM-14-18-02-02F,214.29835461365323
DM-14-18-02-04F,114.37428919659676
DM-14-18-03-01F,168.22226039984992
DM-14-18-04-01F,36.985937497616256
DM-14-18-04-02F,96.05836934896348
DM-14-18-04-03F,244.87204763870986
DM-14-18-05-01F,88.49790179346657
DM-14-18-05-02F,144.91067479530588
DM-14-18-06-01F,245.72986567103453
DM-15-01-01-01F,80.01968559849051
DM-15-01-02-01F,114.10476048174756
DM-15-01-03-01F,188.6681750429361
DM-15-01-04-01F,93.8357649711396
DM-15-01-04-02F,187.10699356387116
DM-15-01-05-01F,172.4411241940372
DM-15-01-05-02F,24.25389683911258
DM-15-01-06-01F,120.6807280391689
DM-15-01-07-01F,85.05068916093707
DM-15-02-01-01F,0.35699675679551174
DM-15-02-02-01F,179.7294108653938
DM-15-02-03-01F,10.42796804780457
DM-15-02-04-01F,138.34456280337125
DM-15-02-05-01F,86.78851125316048
DM-15-02-06-01F,173.85429893812764
DM-15-03-01-01F,195.690277979284
DM-15-03-02-01F,43.82272969228389
DM-15-03-03-01F,203.37004666965348
DM-15-03-04-01F,209.31558818697735
DM-15-03-05-01F,177.657598406179
DM-15-03-06-01F,37.047077111408974
DM-15-04-01-01F,100.720759765546
DM-15-04-02-01F,51.81250901096553
DM-15-04-02-02F,77.92162215028326
DM-15-04-03-01F,298.60593892598837
DM-15-04-04-01F,93.01529693847071
DM-15-04-04-02F,34.220435330997034
DM-15-04-05-01F,362.25259185786325
DM-15-05-01-01F,106.21246996714454
DM-15-05-02-01F,0.29685938805929735
DM-15-05-03-01F,257.1289918840486
DM-15-05-04-01F,181.39527517820628
DM-15-05-05-01F,15.901896993411677
DM-15-05-06-01F,273.0045848994549
DM-15-05-07-01F,258.1459915221775
DM-15-05-08-01F,50.322539203604414
DM-15-05-09-01F,403.03613405784154
DM-15-06-01-01F,145.27707653823177
DM-15-06-02-01F,363.81366316884686
DM-15-06-03-01F,345.2401473974621
DM-15-06-04-01F,139.28050428173455
DM-15-07-01-01F,165.56462079894348
DM-15-07-01-02F,13.507444717261906
DM-15-07-02-01F,267.04849252240143
DM-15-07-03-01F,242.61382713560332
DM-15-07-04-01F,268.48963388590204
DM-15-07-05-01F,174.11295401890746
DM-15-07-06-01F,258.3086282968428
DM-15-08-01-01F,69.71714845065776
DM-15-08-02-01F,179.11951893271382
DM-15-08-03-01F,166.09434571644172
DM-15-08-04-01F,178.39977757887985
DM-15-08-05-01F,416.8153787987033
DM-15-08-06-01F,116.21899535718461
DM-15-08-06-02F,13.020138121931458
DM-15-08-06-03F,51.81038575231482
DM-15-09-01-01F,220.8961409261085
DM-15-09-01-02F,87.4211267422305
DM-15-09-02-01F,155.40138743599587
DM-15-09-02-02F,12.641771598701103
DM-15-09-03-01F,53.08392225865625
DM-15-09-04-01F,447.9508214585947
DM-15-09-05-01F,96.10624925599525
DM-15-09-05-02F,11.201929951250024
DM-15-09-05-03F,24.744700559268797
DM-15-09-06-01F,160.37303285715888
DM-15-09-07-01F,96.08246913317714
DM-16-02-01-01F,156.69005349188294
DM-16-02-01-02F,276.36266960806375
DM-16-02-02-01F,72.05507150324287
DM-16-02-02-02F,58.21161066039078
DM-16-02-03-01F,161.37185766077744
DM-16-02-03-02F,144.0674843019631
DM-16-02-04-01F,147.2527899066499
DM-16-02-04-02F,139.87408809291887
DM-16-02-05-01F,105.1010721671493
DM-16-02-06-01F,162.1163812088592
DM-16-03-01-01F,123.37780276164217
DM-16-03-02-01F,110.01823575501449
DM-16-03-02-02F,102.69060194519118
DM-16-03-03-01F,225.64717400211785
DM-16-03-04-01F,99.53936988739623
DM-16-03-05-01F,64.70018260295323
DM-16-03-05-02F,138.06224453498356
DM-16-03-06-01F,279.6242565054338
DM-16-03-07-01F,117.10026353130036
DM-16-03-08-01F,97.67564679430808
DM-16-04-01-01F,129.57069363882724
DM-16-04-02-01F,93.71762030513132
DM-16-04-03-01F,66.78152647553351
DM-16-04-03-02F,13.706415504435016
DM-16-04-04-01F,135.59082481086378
DM-16-04-05-01F,368.06934955280576
DM-16-04-06-01F,227.30559775648524
DM-16-04-07-01F,93.40260887564496
DM-16-05-01-01F,186.68902581049213
DM-16-05-02-01F,0.7274459318586133
DM-16-05-02-02F,205.34201614995027
DM-16-05-03-01F,207.80980614329144
DM-16-05-03-02F,152.06465093639602
DM-16-05-04-01F,46.407463320219414
DM-16-05-05-01F,112.0612850366767
DM-16-06-01-01F,120.78026968297867
DM-16-06-01-02F,182.33689843133402
DM-16-06-02-01F,154.73433303082462
DM-16-06-03-01F,150.3409540420587
DM-16-06-04-01F,72.89214862515098
DM-16-06-04-02F,41.225466046893665
DM-16-06-05-01F,183.93545078978931
DM-16-07-01-01F,171.07383136346405
DM-16-07-02-01F,227.8904944080236
DM-16-07-03-01F,234.98012058598417
DM-16-07-04-01F,143.1697734423947
DM-16-07-04-02F,107.67914600288417
DM-16-07-05-01F,77.81307269411553
DM-16-07-06-02F,237.851092250567
DM-16-07-07-01F,0.3937125667043156
DM-16-07-08-01F,145.77516751840344
DM-16-07-08-02F,0.0006659891115082407
DM-16-07-09-01F,180.10643299566004
DM-16-08-01-01F,175.8411736730823
DM-16-08-02-01F,212.0348157136231
DM-16-08-03-01F,125.72660761732186
DM-16-08-04-01F,170.32811682347673
DM-16-08-04-02F,122.82997444928374
DM-17-01-02-01F,106.72988355660095
DM-17-01-02-02F,337.614584147276
DM-17-01-03-01F,79.64408133294138
DM-17-01-03-02F,127.56134967422587
DM-17-01-04-01F,181.67629465352445
DM-17-01-05-01F,188.81350891313386
DM-17-01-05-02F,94.11399337104244
DM-17-01-06-01F,56.15989425360724
DM-17-01-06-02F,67.81770277297747
DM-17-01-07-02F,290.0030383582771
DM-17-01-08-01F,32.12921878495347
DM-17-01-08-02F,127.39021677120668
DM-17-01-08-03F,59.91530590412214
DM-17-01-09-01F,100.37997490432348
DM-17-01-10-01F,237.84367448248736
DM-17-01-10-02F,182.86242832938646
DM-17-01-11-01F,3.194572783378136
DM-17-01-11-02F,1.7588414171379698
DM-17-01-11-03F,5.235620034348865
DM-17-01-11-04F,1.7241515004839096
DM-17-02-01-01F,1207.1862856786622
DM-17-02-02-01F,94.75034258042292
DM-17-03-01-01F,191.19274198028674
DM-17-03-01-02F,379.42159199522104
DM-17-03-02-01F,67.22352034796894
DM-17-03-03-01F,4.36527229490243
DM-17-03-03-03F,182.32359951748913
DM-17-03-04-01F,128.1453915944754
DM-17-03-04-02F,173.3943887078427
DM-17-03-05-02F,166.13054474851728
DM-17-03-05-03F,451.62130916229836
DM-17-03-05-04F,134.7247543484916
DM-17-03-06-01F,261.3575975197523
DM-17-03-06-02F,95.03970966428624
DM-17-03-07-01F,232.31146022980136
DM-17-03-07-02F,121.1593001265681
DM-17-04-01-01F,187.0816950108807
DM-17-04-02-01F,249.3965987584805
DM-17-04-02-02F,87.46452170698926
DM-17-04-03-01F,146.22739199149567
DM-17-04-03-02F,199.40346876212516
DM-17-04-04-01F,220.72935667562717
DM-17-04-05-01F,327.67851852369216
DM-17-04-05-02F,312.9176263142174
DM-17-04-06-01F,30.236271581934403
DM-17-04-06-02F,188.34985167473693
DM-17-05-01-01F,246.12921468502876
DM-17-05-02-01F,83.52273310558542
DM-17-05-03-01F,205.17100178767643
DM-17-05-04-01F,394.6729192800073
DM-17-05-05-01F,168.51927595136345
DM-17-05-05-02F,227.02856886708364
DM-17-05-06-01F,275.9821568511707
DM-17-06-01-01F,135.98783868111562
DM-17-06-01-02F,23.896602991711465
DM-17-06-02-01F,313.2559794991874
DM-17-06-02-02F,205.02845462974753
DM-17-06-03-01F,240.55843924316187
DM-17-06-04-01F,103.72969075112087
DM-17-06-04-02F,102.75850285641422
DM-17-06-04-03F,87.06773369271633
DM-17-06-05-01F,347.00144174171146
DM-17-06-06-01F,161.1978396030679
DM-17-06-07-01F,176.8129840203106
DM-17-06-08-01F,140.5144524148745
DM-17-06-08-02F,139.59488788637142
DM-17-07-01-01F,308.0433833387485
DM-17-07-02-01F,289.7280460630666
DM-17-07-03-01F,180.78049407105027
DM-17-07-03-02F,36.68479708408005
DM-17-07-04-01F,128.05417647170432
DM-17-07-04-02F,156.05064854261167
DM-17-07-05-01F,108.80114685426157
DM-17-07-06-01F,71.68094690897551
DM-17-07-06-02F,97.56538603382207
DM-17-07-07-01F,130.5280121942204
DM-17-07-07-02F,88.77563831451367
DM-17-07-08-01F,382.3904786985525
DM-17-07-08-02F,59.14392525967954
DM-17-07-09-01F,6.654349177494027
DM-17-07-09-02F,30.87462652887697
DM-17-07-09-03F,21.667311790247908
DM-17-07-09-04F,336.6818136292559
DM-17-07-10-01F,203.22234158599903
DM-17-07-10-02F,114.4302268403505
DM-17-08-01-02F,372.93350900039826
DM-17-08-02-01F,230.01215357358865
DM-17-08-02-03F,67.59953733150437
DM-17-08-03-01F,434.08368845852283
DM-17-08-04-01F,59.921255130457574
DM-17-08-04-02F,193.26495253625754
DM-17-08-04-04F,5.607437079333078
DM-17-08-04-05F,14.660307407141282
DM-17-09-01-01F,271.682161984685
DM-17-09-01-02F,204.6852261352153
DM-17-09-02-02F,595.6991744806286
DM-17-09-03-01F,150.8180829925649
DM-17-09-04-01F,278.0985711096177
DM-17-09-05-01F,304.15461396852
DM-17-09-06-01F,136.7439018605167
DM-17-09-07-01F,90.88031243702574
DM-17-09-07-02F,90.24359569289764
DM-17-09-07-03F,195.8164098068033
DM-17-10-04-01F,60.50575777329749
DM-17-10-04-02F,0.019319584986772484
DM-17-10-05-01F,697.6667027777779
DM-17-10-06-01F,19.959199000445494
DM-17-10-07-01F,169.24614039762136
DM-17-10-07-02F,351.2370165741799
DM-17-11-01-02F,16.025578554878514
DM-17-11-01-03F,114.91825538861156
DM-17-11-01-04F,113.21684139784946
DM-17-11-02-01F,76.23269271170327
DM-17-11-02-02F,145.15155211320192
DM-17-11-02-03F,189.6470249708851
DM-17-11-02-04F,146.02390070564516
DM-17-11-02-05F,3.636023862380526
DM-17-11-03-01F,86.39454606001452
DM-17-11-03-02F,0.1505962709080047
DM-17-11-03-03F,4.664987818847075
DM-17-11-04-01F,225.40721597877646
DM-17-11-04-02F,75.4320876493429
DM-17-11-05-01F,412.07186552622767
DM-17-11-05-02F,4.341388343787336
DM-17-11-06-02F,217.18413422619895
DM-53-01-01-01F,389.051062271955
DM-53-01-01-02F,32.504484504990046
DM-53-01-01-04F,157.1955525961867
DM-53-01-02-01F,155.08979563172045
DM-53-01-02-02F,83.96492164952244
DM-53-01-03-01F,165.39130372674103
DM-53-01-04-01F,162.4152788251966
DM-53-01-05-01F,37.76967086506459
DM-53-01-05-04F,103.80093891875744
DM-53-01-07-01F,107.35878127666427
DM-53-01-08-01F,159.12417969418053
DM-53-01-09-01F,179.03247584160871
DM-53-02-01-01F,17.878134252768586
DM-53-02-02-01F,120.37986947431301
DM-53-02-03-03F,167.2500177464691
DM-53-02-04-02F,171.2099822309941
DM-53-02-04-03F,48.81732748058355
DM-53-02-05-01F,128.09683982190862
DM-53-02-05-02F,177.23069619297482
DM-53-02-06-01F,16.546512401466508
DM-53-02-06-02F,117.51064187773659
DM-53-02-07-01F,256.3473366800952
DM-53-02-07-02F,0.0
DM-53-02-08-01F,109.36775979473559
DM-53-02-09-01F,99.08283162903143
DM-53-02-09-02F,147.17564557920318
DM-53-03-01-01F,157.85518476101242
DM-53-03-01-02F,141.20375533219766
DM-53-03-01-03F,199.5075762143875
DM-53-03-02-01F,116.49670753830192
DM-53-03-03-01F,7.915925587380994
DM-53-03-03-02F,0.0
DM-53-03-04-01F,128.3351983906099
DM-53-03-04-02F,1.4679137685037482
DM-53-03-05-02F,0.0
DM-53-03-06-01F,0.10238223443838866
DM-53-03-06-02F,247.0316368244265
DM-53-04-01-01F,160.34550298141545
DM-53-04-01-02F,0.0
DM-53-04-01-03F,46.60839790679116
DM-53-04-02-01F,2.9187088075093217
DM-53-04-02-02F,91.24773865772407
DM-53-04-02-03F,227.66736693713278
DM-53-05-01-03F,163.45290144035064
DM-53-05-01-04F,144.2749539980856
DM-53-05-02-01F,94.98389065060574
DM-53-05-03-01F,21.194234482096086
DM-53-05-03-03F,117.63082027079065
DM-53-05-03-04F,107.63425573189572
DM-53-05-04-01F,20.644581162310285
DM-53-05-05-01F,81.09832750896057
DM-53-05-06-01F,32.24281182795699
DM-53-05-07-01F,80.75457556750298
DM-53-05-07-03F,212.27732240350153
DM-53-05-08-01F,22.6699015389826
DM-53-05-08-02F,246.85898087055412
DM-53-05-09-02F,129.5310788917301
DM-53-05-10-02F,117.34107695564514
DM-53-05-11-02F,86.13545405822076
DM-53-06-01-01F,45.72161179478562
DM-53-06-01-02F,24.61990684201328
DM-53-06-02-01F,150.4458269243775
DM-53-06-03-01F,51.508242838573466
DM-53-06-04-01F,204.026435844333
DM-53-06-05-01F,101.02611805555553
DM-53-06-05-02F,175.8985961454887
DM-53-06-06-01F,68.10680066569594
DM-53-08-01-01F,517.8449604861111
DM-53-08-01-02F,91.2491830139898
DM-53-08-02-01F,28.50975259207974
DM-53-09-02-04F,113.66608564814815
DM-53-09-02-05F,0.0
DM-53-09-03-01F,97.81553199823047
DM-53-09-05-01F,42.81006043089527
DM-54-01-04-01F,50.07487355026842
DM-54-01-05-02F,649.3839265625039
DM-54-01-05-03F,60.28885371193807
DM-54-01-06-01F,0.15698629723584354
DM-54-01-06-02F,548.6072145491411
DM-54-02-03-01F,11.650321619977243
DM-54-02-04-01F,9.81099439758606
DM-54-02-04-02F,263.3567481084838
DM-54-02-04-04F,0.007322615740740741
DM-54-02-05-01F,139.87694144546688
DM-54-02-05-02F,120.55748500655632
DM-54-02-05-03F,119.75012723758176
DM-54-02-07-01F,123.05551244762472
DM-54-03-01-02F,161.16894910674077
DM-54-03-01-03F,69.41945174129283
DM-54-03-02-01F,44.362979511548225
DM-54-03-02-02F,264.1095872998518
DM-54-04-01-01F,86.14532752797989
DM-54-04-02-01F,175.86770223845824
DM-54-04-02-02F,66.18323136603205
DM-54-04-03-01F,84.39177908623164
DM-54-04-03-02F,0.028773958333333335
DM-54-04-03-03F,167.5602217575943
DM-54-04-04-02F,98.33549836645227
DM-54-04-04-03F,24.73707737744857
DM-54-04-04-04F,0.5224976848118279
DM-54-05-01-02F,384.16988899919346
DM-54-05-02-01F,107.81019802399662
DM-54-05-03-01F,133.39698774413117
DM-54-06-01-02F,104.23762035954302
DM-54-06-01-04F,116.093362926437
DM-54-06-02-01F,154.71494306194128
DM-54-06-02-02F,34.59564564741299
DM-54-06-03-01F,111.54654250607443
DM-54-06-04-01F,0.0774850058334735
DM-54-06-04-02F,221.79615181897543
DM-54-06-04-03F,0.4919433333333334
DM-54-07-01-01F,94.68557071276196
DM-54-07-02-01F,130.8709043665851
DM-54-07-03-01F,96.04400043440057
DM-54-07-04-01F,79.79583891421564
DM-54-07-05-01F,157.56556951794948
DM-54-08-01-01F,517.8480666666668
DM-54-08-02-01F,0.13725299528689644
DM-54-08-03-01F,97.27395437705552
DM-54-08-04-01F,95.27459274449565
DM-54-08-05-01F,0.26854854327777206
DM-54-08-06-01F,246.43574631628812
DM-54-08-07-01F,18.872108165178982
DM-54-08-08-01F,14.162109542826125
DM-54-08-09-01F,0.18189620774610682
DM-54-09-01-01F,112.05108160419555
DM-54-09-01-02F,135.64617256481083
DM-54-09-02-01F,132.99361338977806
DM-54-09-02-02F,162.29001327660245
DM-54-09-03-01F,180.6738589825029
DM-54-09-04-01F,0.22229140802036962
DM-54-09-05-01F,194.60581497398456
DM-54-09-06-01F,0.27866440839290635
DM-54-09-07-02F,216.67693261934764
DM-55-01-01-01F,150.5053254224345
DM-55-01-02-01F,141.29173779006783
DM-55-01-03-01F,71.63728261595409
DM-55-02-01-01F,114.41306586160981
DM-55-02-02-01F,260.23650087661184
DM-55-02-03-01F,253.24385261857094
DM-55-03-01-01F,39.27686146541071
DM-55-03-01-02F,0.04579999999999999
DM-55-03-02-01F,370.9570907686154
DM-55-03-03-01F,47.96558419234079
DM-55-03-04-01F,226.41962400832634
DM-55-04-01-03F,34.2069344854011
DM-55-04-01-04F,182.36315217614785
DM-55-04-02-01F,101.33828303870524
DM-55-04-02-04F,548.776597887775
DM-55-04-02-05F,0.0009716898148148133
DM-55-04-03-01F,34.220625741015645
DM-55-04-03-03F,271.0872730405581
DM-55-04-03-04F,48.88930255588255
DM-55-04-03-05F,77.05953772677329
DM-55-04-04-01F,140.9943230260331
DM-55-04-05-01F,317.25411401131726
DM-55-05-01-01F,110.89543545359247
DM-55-05-01-02F,1070.432313653346
DM-55-05-02-01F,162.28400012161597
DM-55-05-02-02F,24.745670827782206
DM-55-05-02-03F,23.371590113661167
DM-55-05-03-01F,130.43955526537212
DM-55-05-03-02F,438.5181980348646
DM-55-05-04-01F,106.2577153283841
DM-55-05-04-02F,11.921528891785051
DM-55-05-05-01F,30.70797555787776
DM-55-06-01-01F,0.16472872782832454
DM-55-06-01-02F,259.6300751062734
DM-55-06-02-01F,120.39973138484352
DM-55-06-02-02F,56.755049352199656
DM-55-06-03-01F,25.758643239124225
DM-55-06-03-02F,91.1501007395733
DM-55-06-03-03F,5.609979394474067
DM-55-06-03-04F,20.018586452306284
DM-55-06-04-01F,195.4975636224226
DM-55-06-04-02F,40.453949039100834
DM-55-06-05-01F,220.90800033266126
DM-55-06-05-02F,140.88358774116824
DM-55-06-05-05F,0.051294392116060385
DM-55-06-05-06F,0.35409531411987055
DM-55-06-05-07F,0.4402685939184024
DM-55-06-06-01F,45.35501155528314
DM-55-06-06-02F,61.336108753360215
DM-55-06-06-04F,516.3293546418438
DM-55-06-06-05F,90.88523854970822
DM-55-06-07-01F,768.2867013066231
DM-55-06-07-09F,37.65180970766129
DM-55-06-07-10F,45.38700156810035
DM-55-07-01-01F,226.23707344189526
DM-55-07-02-01F,223.13788933755757
DM-55-07-02-02F,211.54468172666387
DM-55-07-03-01F,327.15757186064735
DM-55-07-04-01F,126.88919253494787
DM-55-07-04-02F,95.01345676428109
DM-55-07-05-01F,151.52733145704394
DM-55-07-05-02F,16.76529863094007
DM-55-07-06-02F,83.6977314180107
DM-55-07-06-03F,137.06288402152714
DM-55-07-06-04F,36.80967982624777
DM-55-07-06-05F,0.11890281511866013
DM-55-07-06-06F,0.12465622118995101
DM-55-07-07-01F,125.39398772194652
DM-55-07-07-02F,363.02163755629044
DM-55-08-01-01F,175.733929856755
DM-55-08-01-02F,292.4322048638182
DM-55-08-02-01F,0.240912256054131
DM-55-08-02-02F,215.88251709053978
DM-55-08-03-01F,262.0034472526488
DM-55-09-01-01F,20.360513219020373
DM-55-09-01-02F,10.610311950494436
DM-55-09-02-01F,237.8290187269421
DM-55-09-02-02F,35.266972577202885
DM-55-09-03-01F,190.37603790418996
DM-55-09-04-02F,138.8503271488719
DM-56-01-01-01F,413.8547842527358
DM-56-01-02-01F,0.008956559312103665
DM-56-01-03-01F,177.66105654320856
DM-56-01-03-02F,187.85264194700633
DM-56-01-04-01F,181.37817986107174
DM-56-01-05-01F,371.8332929315208
DM-56-02-01-01F,309.92485164190606
DM-56-02-02-01F,20.044229378044296
DM-56-02-02-02F,128.40811622931093
DM-56-02-03-01F,139.9961175860749
DM-56-02-04-01F,548.8679178240745
DM-56-02-05-01F,124.25367484173755
DM-56-02-05-02F,47.29944315836519
DM-56-02-06-01F,135.32676073689515
DM-56-02-07-01F,125.28360661102413
DM-56-02-08-01F,222.22364860573876
DM-56-02-09-01F,67.69318249543765
DM-56-02-10-01F,58.37650243366752
DM-56-03-01-01F,321.74513975481926
DM-56-03-02-01F,217.967744057947
DM-56-03-03-01F,235.85433810371043
DM-56-03-04-01F,182.69345742875396
DM-56-03-05-01F,0.17812830666421384
DM-56-03-06-01F,19.853798191765296
DM-56-03-06-02F,327.5275656776516
DM-56-04-01-01F,388.98569904615437
DM-56-04-02-01F,351.36315769560133
DM-56-04-03-01F,293.5638100831889
DM-56-04-04-01F,165.90817931365692
DM-56-04-05-01F,195.20984774337526
DM-56-05-01-01F,163.65487869217887
DM-56-05-01-02F,94.32863661778559
DM-56-05-02-01F,158.32313420213146
DM-56-05-03-01F,185.2486702583714
DM-56-05-04-01F,154.63004603675387
DM-56-05-05-01F,373.5518841808455
DM-56-05-06-01F,104.86208071150402
DM-56-06-01-01F,258.5272993245311
DM-56-06-02-01F,141.20568154834936
DM-56-06-03-01F,239.13163330657096
DM-56-06-03-02F,182.0044105164386
DM-56-06-04-01F,297.50342827368235
DM-56-06-05-01F,109.7419960063048
DM-56-06-06-01F,220.02146796853518
DM-56-07-01-01F,419.80808327055644
DM-56-07-02-01F,495.4094060651501
DM-56-07-03-01F,259.76854190653023
DM-56-07-04-01F,393.57798371016935
DM-56-07-05-01F,28.214814288372335
DM-56-07-05-02F,226.4426697256637
