dma_name,geometry,pipe_size
DM-56-06-06-01,POINT (662355.2570000703 1526907.209099998),300.0
DM-56-06-05-01,POINT (661815.5611000677 1527323.774199999),300.0
DM-56-06-03-02,POINT (661819.5104000695 1527318.788999999),300.0
DM-56-06-03-01,POINT (661079.483700067 1526765.513599998),300.0
DM-56-06-02-01,POINT (660225.5758000641 1526543.691599998),200.0
DM-56-06-01-01,POINT (658856.9619021686 1528594.420541149),200.0
DM-56-05-02-01,POINT (652149.4744000484 1535918.330099997),300.0
DM-56-03-06-01,POINT (652207.1281000503 1535354.209799997),300.0
DM-56-03-01-01,POINT (652540.8036000518 1531966.385399997),300.0
DM-56-01-04-01,POINT (655111.3976000568 1534142.005399998),200.0
DM-56-01-03-01,POINT (655751.2751000554 1530991.917499999),200.0
DM-56-01-02-01,POINT (655091.914300055 1534117.662799998),200.0
DM-55-09-03-01,POINT (683670.0641001358 1508621.092199996),300.0
DM-55-09-02-01,POINT (684319.9633001365 1506165.450599996),0.0
DM-55-05-05-01,POINT (698123.0936002026 1516039.943799996),300.0
DM-55-05-04-01,POINT (700241.4806002134 1515074.249299995),300.0
DM-55-05-03-02,POINT (695189.0393001856 1517100.908099994),300.0
DM-55-05-03-01,POINT (695198.2942001873 1517125.769199997),300.0
DM-55-04-05-01,POINT (692679.6265001731 1517669.248399997),400.0
DM-55-04-04-01,POINT (689927.993700162 1517612.308199995),400.0
DM-55-04-03-05,POINT (692278.3948001718 1518173.568399995),300.0
DM-55-04-03-04,POINT (692249.5460001717 1518174.859199997),0.0
DM-55-04-03-02,POINT (689917.7426001613 1517638.400399997),
DM-55-04-02-03,POINT (691217.0452001665 1521184.715299995),300.0
DM-55-04-02-02,POINT (691296.0032001671 1521173.138299995),300.0
DM-55-04-02-01,POINT (688847.5769001569 1520649.458199997),300.0
DM-55-04-01-02,POINT (691296.794600166 1521180.111199996),300.0
DM-55-04-01-01,POINT (694122.7113001787 1521054.834499996),1000.0
DM-55-03-04-01,POINT (686448.1830001471 1517644.903499998),300.0
DM-55-03-03-01,POINT (685468.463000141 1517643.993599996),0.0
DM-55-03-02-01,POINT (686449.1366001449 1517671.214899996),400.0
DM-55-03-01-02,POINT (686428.0304001444 1518644.077799996),300.0
DM-55-02-03-01,POINT (688820.5239001554 1520637.756299998),300.0
DM-55-02-02-01,POINT (686988.3610001472 1522110.510799996),0.0
DM-55-02-01-01,POINT (687302.2521001487 1522834.553699997),0.0
DM-55-01-03-01,POINT (686479.9399001459 1522389.465899996),0.0
DM-55-01-02-01,POINT (686463.8041001473 1522409.514899997),0.0
DM-55-01-01-01,POINT (687282.3467001513 1522845.831199995),0.0
DM-54-08-16-01,POINT (641725.1083000348 1551081.016200001),
DM-54-08-15-01,POINT (641704.4475000346 1551080.665799997),
DM-54-08-14-01,POINT (641739.2156000343 1549735.993999998),
DM-54-08-13-01,POINT (641717.9009000334 1550027.227599999),
DM-54-08-12-01,POINT (650402.9364000463 1545454.521099998),
DM-54-08-11-01,POINT (650348.4702000474 1545404.671799997),
DM-54-08-10-01,POINT (652634.7391000491 1542393.383999998),
DM-54-08-09-01,POINT (652576.0843000507 1542355.6043),300.0
DM-54-08-08-01,POINT (651862.6582000506 1540425.407199997),300.0
DM-54-08-07-02,POINT (649217.8015000456 1542126.939099998),
DM-54-08-07-01,POINT (650912.8789000467 1540988.482999999),300.0
DM-54-08-06-01,POINT (642238.4511000379 1546616.591999998),300.0
DM-54-08-05-01,POINT (642220.8141000355 1546602.007899998),300.0
DM-54-08-04-01,POINT (644648.492000039 1545061.422799998),300.0
DM-54-08-03-01,POINT (644630.8612000395 1545039.040099999),300.0
DM-54-08-02-01,POINT (647602.0015000418 1543117.852299998),
DM-54-08-01-01,POINT (652418.9240000487 1539123.538599998),300.0
DM-54-07-05-01,POINT (652492.8594000504 1539097.822799996),300.0
DM-54-07-04-01,POINT (652113.6601000512 1537068.559199998),200.0
DM-54-07-03-01,POINT (654055.7801000519 1538117.260199997),0.0
DM-54-07-02-01,POINT (654482.1793000535 1536877.891799997),200.0
DM-54-07-01-01,POINT (652228.9286000524 1535881.737699998),200.0
DM-54-05-03-01,POINT (654892.6686000552 1535181.605399998),200.0
DM-54-05-02-01,POINT (653517.502800053 1534364.249799997),200.0
DM-54-05-01-01,POINT (652287.2635000512 1535305.644999997),300.0
DM-54-04-06-01,POINT (644081.9651000371 1543710.138199997),
DM-54-04-05-01,POINT (648776.8106000453 1540480.855299999),
DM-54-04-04-01,POINT (651223.178700048 1538881.155799997),300.0
DM-54-04-02-03,POINT (645223.033300038 1540856.199599998),
DM-54-04-02-02,POINT (645089.2465000388 1538177.800799997),
DM-54-04-02-01,POINT (647004.5963000443 1538180.412999999),300.0
DM-54-04-01-01,POINT (649955.6056000479 1538181.015999998),
DM-54-02-10-03,POINT (661112.3285000662 1539280.820699997),
DM-54-02-10-02,POINT (660198.8815000644 1539579.886799999),
DM-54-02-10-01,POINT (658982.0955000627 1539847.460899998),
DM-54-02-09-01,POINT (657558.1392000599 1541658.550099998),
DM-54-02-08-01,POINT (657828.5990000595 1540089.207699998),
DM-54-02-07-01,POINT (656393.3427000593 1542506.323699997),
DM-54-02-06-01,POINT (656384.9185000573 1542566.663299999),
DM-54-02-05-01,POINT (653411.1980000529 1539625.193199997),300.0
DM-54-02-04-04,POINT (656638.6401000586 1538193.484599997),300.0
DM-54-02-04-03,POINT (656924.1078000577 1539522.103299997),0.0
DM-54-02-04-02,POINT (654082.8316000525 1538112.288299998),300.0
DM-54-02-04-01,POINT (654510.2916000547 1536883.794399997),300.0
DM-54-02-03-01,POINT (654920.6625000536 1535179.1477),
DM-54-02-02-02,POINT (656694.2948000575 1536789.910299997),0.0
DM-54-02-02-01,POINT (657404.6942000607 1534356.538899997),300.0
DM-54-02-01-02,POINT (659339.7430000645 1533889.461299998),
DM-54-02-01-01,POINT (658403.4716000619 1533940.808999998),
DM-53-09-05-01,POINT (701861.6753002207 1526826.457599995),300.0
DM-53-09-03-01,POINT (699847.4872002123 1527007.650899995),300.0
DM-53-09-02-05,POINT (698228.6439002021 1526430.244299997),0.0
DM-53-09-01-02,POINT (695875.6442001886 1527368.536699994),
DM-53-09-01-01,POINT (695138.5342001836 1527434.803899996),
DM-53-08-01-03,POINT (693032.2019001755 1527630.730999998),
DM-53-08-01-02,POINT (688784.5176001571 1524921.967999998),300.0
DM-53-08-01-01,POINT (689564.6872001588 1527958.909299996),300.0
DM-53-06-06-01,POINT (686418.0050001441 1526699.954499998),300.0
DM-53-06-05-02,POINT (688756.2671001552 1524920.992599997),300.0
DM-53-06-05-01,POINT (687632.0133001504 1527577.669599996),300.0
DM-53-06-04-01,POINT (687032.7473001485 1527239.527099996),300.0
DM-53-06-03-01,POINT (686390.5613001463 1526736.586399997),300.0
DM-53-06-02-01,POINT (685750.3812001431 1526354.025099996),300.0
DM-53-06-01-02,POINT (685039.1544001428 1525984.796099996),300.0
DM-53-06-01-01,POINT (685013.917700139 1526022.857999997),300.0
DM-53-05-07-03,POINT (702500.4459002257 1532231.002299995),400.0
DM-53-05-07-02,POINT (701875.5850002206 1526877.481299997),
DM-53-05-07-01,POINT (702497.544200225 1532255.210099996),300.0
DM-53-05-06-01,POINT (699857.0831002106 1527057.634799995),300.0
DM-53-05-05-01,POINT (700230.925600211 1530288.643499996),300.0
DM-53-05-04-01,POINT (700213.3325002113 1530312.177999994),300.0
DM-53-05-03-01,POINT (701129.2972002163 1532156.180799996),0.0
DM-53-05-02-01,POINT (698035.5476002068 1527224.351199995),0.0
DM-53-05-01-03,POINT (690082.9837001595 1528963.708299996),0.0
DM-53-05-01-02,POINT (692039.8509001695 1527772.172799996),
DM-53-05-01-01,POINT (689568.8283001602 1527992.381599996),
DM-53-04-02-02,POINT (701117.4855002188 1533207.369299995),100.0
DM-53-04-02-01,POINT (701379.5440002183 1532754.729799996),0.0
DM-53-04-01-02,POINT (700340.4210002145 1532975.951499997),0.0
DM-53-03-04-02,POINT (687775.2926001509 1529899.931599998),0.0
DM-53-03-04-01,POINT (688245.4980001542 1528713.210099997),300.0
DM-53-03-03-01,POINT (687393.7885001516 1531236.053099997),300.0
DM-53-03-02-01,POINT (687148.8809001476 1535574.320999996),300.0
DM-53-03-01-02,POINT (693391.9291001775 1539482.807099995),300.0
DM-53-03-01-01,POINT (688613.2760001532 1538514.732899994),300.0
DM-53-02-06-02,POINT (686091.1957001451 1528037.000199996),400.0
DM-53-02-06-01,POINT (688223.9140001525 1528475.503499995),300.0
DM-53-02-05-02,POINT (685440.1735001421 1527216.790699996),300.0
DM-53-02-05-01,POINT (685575.2863001421 1527659.428899996),300.0
DM-53-02-04-02,POINT (686469.1348001466 1528335.835799996),300.0
DM-53-02-04-01,POINT (687749.9627001535 1529889.878199998),
DM-53-02-03-02,POINT (686063.6941001446 1528066.170799998),400.0
DM-53-02-03-01,POINT (685603.2500001407 1527689.366299996),
DM-53-02-02-01,POINT (683710.0080001375 1528504.541299998),300.0
DM-53-02-01-01,POINT (683683.0681001367 1528516.158499997),300.0
DM-53-01-06-02,POINT (687155.2715001488 1532738.131499997),
DM-53-01-06-01,POINT (687134.641200148 1534312.840899996),
DM-53-01-05-02,POINT (683651.748900135 1529447.124699999),0.0
DM-53-01-04-02,POINT (683340.1135001343 1530767.562099998),300.0
DM-53-01-03-01,POINT (686130.5283001445 1534189.612799997),300.0
DM-53-01-02-02,POINT (685426.8128001429 1533061.110699997),300.0
DM-53-01-01-02,POINT (686728.4785001469 1538642.674099997),300.0
DM-17-11-06-02,POINT (698509.7025002026 1493620.308199994),0.0
DM-17-11-05-02,POINT (694840.4229001839 1494353.569499997),300.0
DM-17-11-05-01,POINT (696138.8929001918 1494251.939799997),300.0
DM-17-11-03-03,POINT (692956.2909001758 1494204.852199995),300.0
DM-17-11-03-02,POINT (690885.0657001671 1493341.337799998),300.0
DM-17-11-03-01,POINT (684307.2030001387 1494302.560699996),0.0
DM-17-11-02-04,POINT (682841.6818001332 1497808.173599996),0.0
DM-17-11-02-03,POINT (683134.7164001358 1499524.100799996),0.0
DM-17-11-02-02,POINT (683103.9860001318 1498993.561899996),300.0
DM-17-11-02-01,POINT (682922.7576001335 1497925.236499998),300.0
DM-17-11-01-02,POINT (682454.0794001312 1496071.908599998),
DM-17-11-01-01,POINT (680829.7531001265 1495072.936999999),400.0
DM-17-10-07-02,POINT (698390.8485002031 1496958.434799997),300.0
DM-17-10-07-01,POINT (698857.9135002051 1500459.280699995),300.0
DM-17-10-05-01,POINT (696565.576200194 1500936.945799998),300.0
DM-17-10-04-02,POINT (694837.366100184 1502212.016599996),300.0
DM-17-10-04-01,POINT (697633.2001001984 1500735.105699996),300.0
DM-17-09-07-03,POINT (693928.9139001798 1500625.124599997),300.0
DM-17-09-07-02,POINT (694165.3014001816 1501427.504599995),400.0
DM-17-09-07-01,POINT (694407.8375001833 1502238.039999995),300.0
DM-17-09-06-01,POINT (693899.2082001808 1500633.524299996),400.0
DM-17-09-05-01,POINT (693840.34530018 1502773.667799995),400.0
DM-17-09-03-01,POINT (693620.6459001785 1499643.992299997),400.0
DM-17-09-02-02,POINT (692292.2724001736 1503166.263199996),0.0
DM-17-09-01-02,POINT (691000.415600167 1503450.007799996),0.0
DM-17-09-01-01,POINT (692293.8046001729 1503195.096199997),300.0
DM-17-08-04-02,POINT (690190.4722001627 1503570.368899995),150.0
DM-17-08-04-01,POINT (687348.2505001503 1493841.044399997),300.0
DM-17-08-02-02,POINT (688322.9853001544 1503812.095099996),300.0
DM-17-08-02-01,POINT (684755.19560014 1504393.093099999),400.0
DM-17-08-01-02,POINT (686683.4860001459 1503936.782099995),0.0
DM-17-07-10-02,POINT (679251.9931001175 1496167.837199999),300.0
DM-17-07-10-01,POINT (680014.7076001214 1495251.487599997),400.0
DM-17-07-09-01,POINT (679725.8820001202 1500598.488599998),300.0
DM-17-07-08-02,POINT (678784.2595001182 1495522.570199998),300.0
DM-17-07-08-01,POINT (676074.7005001081 1496904.3089),300.0
DM-17-07-07-02,POINT (675441.0879001055 1497424.655799998),0.0
DM-17-07-07-01,POINT (674774.8036001055 1498821.544399996),200.0
DM-17-07-06-02,POINT (677492.4914001122 1501066.801699996),300.0
DM-17-07-04-02,POINT (674198.6091001026 1500027.206499996),300.0
DM-17-07-04-01,POINT (674028.3958001011 1500383.263399996),300.0
DM-17-07-03-02,POINT (673837.5050001018 1500781.431799997),300.0
DM-17-07-03-01,POINT (673724.7392000997 1501607.259899997),300.0
DM-17-07-02-01,POINT (675377.2249001057 1502066.943199998),300.0
DM-17-07-01-01,POINT (674397.9800001031 1502511.069999998),300.0
DM-17-06-07-01,POINT (672389.549600098 1505448.101799998),300.0
DM-17-06-06-01,POINT (675089.8702001048 1505417.361199996),
DM-17-06-05-01,POINT (672047.407900096 1506392.245699998),300.0
DM-17-06-04-03,POINT (674483.3411001035 1507925.876299997),300.0
DM-17-06-04-02,POINT (675241.7689001061 1505678.068299996),
DM-17-06-03-01,POINT (673830.9050001003 1508316.020099997),300.0
DM-17-06-02-01,POINT (673144.0971000983 1508854.225399998),300.0
DM-17-06-01-02,POINT (674365.5170001037 1506129.052999998),0.0
DM-17-06-01-01,POINT (674473.6426001056 1507931.237899997),300.0
DM-17-05-06-01,POINT (684743.0580001399 1504357.925399998),200.0
DM-17-05-05-01,POINT (682619.6177001335 1499993.013099996),300.0
DM-17-05-03-01,POINT (680006.4971001205 1505558.837599996),400.0
DM-17-05-02-01,POINT (683824.8684001368 1504586.283699999),300.0
DM-17-05-01-01,POINT (682461.3503001308 1504914.599699999),300.0
DM-17-04-06-02,POINT (674201.5679001012 1503648.657499998),300.0
DM-17-04-06-01,POINT (675141.5062001044 1505397.805999996),
DM-17-04-05-02,POINT (680645.0190001245 1505395.344399997),0.0
DM-17-04-05-01,POINT (679323.6266001179 1505100.703499998),300.0
DM-17-04-04-01,POINT (678704.2061001176 1505986.797899999),300.0
DM-17-04-03-02,POINT (678338.3228001161 1506117.670199997),300.0
DM-17-04-03-01,POINT (676867.4591001098 1506643.460499998),300.0
DM-17-04-02-02,POINT (675294.1491001061 1505635.234799997),
DM-17-04-02-01,POINT (676313.6921001101 1506942.219199999),300.0
DM-17-04-01-01,POINT (678344.0627001142 1506148.500499997),300.0
DM-17-03-06-01,POINT (668997.1069000872 1506930.408599999),200.0
DM-17-03-05-03,POINT (670576.9498000917 1508532.218799998),300.0
DM-17-03-05-02,POINT (669996.4355000898 1507837.664799996),300.0
DM-17-03-04-02,POINT (671488.6132000936 1509003.978299997),300.0
DM-17-03-04-01,POINT (670627.7227000912 1509175.785699999),0.0
DM-17-03-03-02,POINT (669655.1269000878 1509370.126699998),300.0
DM-17-03-03-01,POINT (668253.7540000876 1509651.051699997),300.0
DM-17-03-02-01,POINT (667575.5614000831 1509732.832899998),300.0
DM-17-03-01-02,POINT (666717.0664000822 1509816.459999999),300.0
DM-17-03-01-01,POINT (666966.9303000828 1510017.322599998),300.0
DM-17-02-02-01,POINT (680801.9459001233 1499743.911799997),400.0
DM-17-01-11-04,POINT (678192.3189001149 1495612.236099996),100.0
DM-17-01-11-03,POINT (681212.6860001273 1494949.384599998),300.0
DM-17-01-11-02,POINT (679073.7316001188 1495416.650199996),300.0
DM-17-01-11-01,POINT (677442.1481001133 1495845.449499998),300.0
DM-17-01-10-01,POINT (676223.211600109 1496748.650499996),300.0
DM-17-01-09-01,POINT (674621.7327001026 1499051.345899996),200.0
DM-17-01-08-03,POINT (673009.6083000979 1499732.290299997),0.0
DM-17-01-08-01,POINT (674618.3861001037 1499058.267399998),300.0
DM-17-01-07-02,POINT (672251.2674000978 1501193.622699997),300.0
DM-17-01-06-02,POINT (672018.6700000945 1499621.686799996),300.0
DM-17-01-06-01,POINT (672228.0662000992 1501191.906299997),300.0
DM-17-01-05-02,POINT (672312.9804000966 1501721.508199995),0.0
DM-17-01-05-01,POINT (673040.3843000988 1502461.503299996),0.0
DM-17-01-02-02,POINT (672617.4812000984 1502439.767799998),0.0
DM-17-01-02-01,POINT (672021.666600097 1506377.068599998),0.0
DM-16-07-09-01,POINT (677110.4851001101 1531879.413099997),300.0
DM-16-07-08-01,POINT (676304.8641001089 1532316.666699997),300.0
DM-16-07-07-01,POINT (674968.203200105 1533044.625199996),300.0
DM-16-07-06-02,POINT (674166.6951001021 1532807.433999997),300.0
DM-16-07-06-01,POINT (674490.505500102 1533302.179799997),300.0
DM-16-07-05-01,POINT (674156.1185001009 1532816.129799997),300.0
DM-16-07-04-02,POINT (672263.7439000985 1534018.847199997),300.0
DM-16-07-04-01,POINT (674112.5362001002 1533506.044099996),300.0
DM-16-07-03-02,POINT (671687.0997000951 1533067.376399996),300.0
DM-16-07-03-01,POINT (672418.092700095 1534470.577699998),300.0
DM-16-07-01-02,POINT (670671.7101000926 1533253.351499997),
DM-16-07-01-01,POINT (670663.7778000922 1533261.680199998),300.0
DM-16-06-05-01,POINT (678086.109200113 1534471.186099997),0.0
DM-16-06-04-01,POINT (677601.1293001123 1535260.089399998),300.0
DM-16-06-03-02,POINT (678069.2165001133 1534475.871799997),0.0
DM-16-06-03-01,POINT (677978.9232001144 1533156.301499998),300.0
DM-16-06-02-01,POINT (678225.9859001151 1531738.758999997),200.0
DM-16-05-04-01,POINT (676321.1588001098 1532351.547399997),300.0
DM-16-05-03-02,POINT (677243.7287001098 1535782.491799999),0.0
DM-16-05-03-01,POINT (674143.8883001014 1533534.998299995),300.0
DM-16-05-02-02,POINT (672999.4900000991 1535319.615999998),300.0
DM-16-05-02-01,POINT (673409.9498001002 1536041.426099998),100.0
DM-16-05-01-01,POINT (673042.4610000977 1534127.427599997),300.0
DM-16-04-04-01,POINT (673457.4872000987 1536127.524999997),150.0
DM-16-04-03-02,POINT (673958.9908001026 1537018.519699999),300.0
DM-16-04-02-02,POINT (677370.244900113 1536390.206599995),
DM-16-04-02-01,POINT (677385.0997001138 1536397.513799997),300.0
DM-16-04-01-02,POINT (675262.7312001063 1537884.115599997),200.0
DM-16-04-01-01,POINT (674008.5793001024 1537102.546499996),300.0
DM-16-03-05-02,POINT (680054.89390012 1537545.890199997),300.0
DM-16-03-05-01,POINT (681023.9865001234 1538465.904299998),300.0
DM-16-03-04-02,POINT (681003.2177001232 1538471.409099997),
DM-16-03-04-01,POINT (682189.4466001295 1539640.171799997),300.0
DM-16-03-02-02,POINT (678980.0927001158 1536047.644499998),300.0
DM-16-03-02-01,POINT (680033.3839001195 1537547.982299997),300.0
DM-16-03-01-02,POINT (681202.9908001274 1539676.849599996),
DM-16-03-01-01,POINT (680260.878700122 1539655.222499997),300.0
DM-16-02-05-02,POINT (678323.0745001159 1539664.819499996),
DM-16-02-05-01,POINT (677379.1273001116 1539697.327799998),0.0
DM-16-02-04-02,POINT (677396.903900112 1539717.029099999),0.0
DM-16-02-04-01,POINT (678301.1153001171 1539683.892599997),0.0
DM-16-02-03-02,POINT (676344.4226001082 1539394.768399999),0.0
DM-16-02-03-01,POINT (674823.4970001043 1538533.710799996),300.0
DM-16-02-02-02,POINT (676547.9354001086 1539795.657499998),300.0
DM-16-02-02-01,POINT (675731.9049001058 1540396.773099997),200.0
DM-16-02-01-02,POINT (675593.1244001067 1541150.713199997),300.0
DM-16-02-01-01,POINT (675509.2687001061 1541600.358099998),300.0
DM-15-08-06-02,POINT (673247.2633000971 1541197.648199996),400.0
DM-15-08-06-01,POINT (673699.1312001001 1541000.400199997),300.0
DM-15-08-05-02,POINT (673630.4981000996 1541979.525099997),0.0
DM-15-08-05-01,POINT (673252.7889000988 1541213.954099997),300.0
DM-15-08-04-01,POINT (670249.4009000889 1542011.947899996),300.0
DM-15-08-02-01,POINT (671415.9131000917 1540242.650099996),300.0
DM-15-08-01-01,POINT (672301.2220000953 1540006.816999997),300.0
DM-15-07-06-01,POINT (671069.0881000928 1540319.554499999),300.0
DM-15-07-05-01,POINT (672299.4626000966 1539979.282099998),300.0
DM-15-07-04-01,POINT (672332.5968000952 1538371.394399998),300.0
DM-15-07-03-01,POINT (669480.9958000873 1540313.101199996),300.0
DM-15-07-02-01,POINT (669134.3011000863 1538480.511199997),300.0
DM-15-06-04-01,POINT (668734.8888000847 1537059.626099997),300.0
DM-15-06-02-01,POINT (670159.49300009 1535929.928299997),300.0
DM-15-06-01-01,POINT (669658.8207000887 1536114.528099999),300.0
DM-15-05-08-01,POINT (670731.2492000932 1535565.262699997),300.0
DM-15-05-07-01,POINT (668791.9715000859 1536377.717199998),300.0
DM-15-05-05-01,POINT (669490.4219000898 1533581.306099996),300.0
DM-15-05-04-01,POINT (669508.3701000874 1533553.084399998),300.0
DM-15-05-03-01,POINT (667555.1962000828 1534745.056099998),0.0
DM-15-05-02-01,POINT (667602.1116000833 1532083.022499997),300.0
DM-15-05-01-01,POINT (667061.5112000825 1532328.921699998),300.0
DM-15-04-04-02,POINT (668528.3857000861 1531519.119699996),150.0
DM-15-04-04-01,POINT (667987.7084000851 1531871.008799997),300.0
DM-15-04-02-02,POINT (666685.1126000808 1530843.417799998),300.0
DM-15-04-02-01,POINT (667658.9527000835 1530552.862699998),300.0
DM-15-04-01-01,POINT (667102.7465000821 1529488.4874),300.0
DM-15-03-06-01,POINT (666583.8189000799 1530658.876799997),300.0
DM-15-03-05-01,POINT (666334.7459000789 1529538.628999998),300.0
DM-15-03-04-01,POINT (664657.1840000759 1529707.331399999),300.0
DM-15-03-03-01,POINT (663646.7298000725 1528198.876899998),300.0
DM-15-03-02-01,POINT (665711.9923000787 1529524.908299996),300.0
DM-15-03-01-01,POINT (665443.3357000772 1529041.253699998),150.0
DM-15-02-05-01,POINT (664476.4531000744 1527287.690099997),300.0
DM-15-02-04-01,POINT (665256.541500077 1526849.588999999),300.0
DM-15-02-03-01,POINT (664499.8770000755 1527290.982299997),300.0
DM-15-02-02-01,POINT (664170.4818000761 1527695.908899998),300.0
DM-15-02-01-01,POINT (665821.21430008 1527225.299099998),300.0
DM-15-01-06-01,POINT (667094.9031000801 1529449.722699997),300.0
DM-15-01-05-01,POINT (665744.0746000786 1526086.527099998),0.0
DM-15-01-04-02,POINT (665778.1790000778 1526775.099799999),300.0
DM-15-01-04-01,POINT (666231.013500081 1528809.352899997),100.0
DM-15-01-03-01,POINT (665247.4775000782 1526829.566699998),300.0
DM-15-01-02-01,POINT (664475.9925000756 1526762.3978),300.0
DM-15-01-01-01,POINT (664455.4822000769 1526767.1168),300.0
DM-14-18-04-03,POINT (661802.1642000722 1506237.854599996),0.0
DM-14-18-04-02,POINT (660890.4409000674 1506344.6751),0.0
DM-14-17-06-01,POINT (660921.9160000682 1509611.6959),0.0
DM-14-17-04-02,POINT (661874.7758000697 1509159.676599999),300.0
DM-14-17-04-01,POINT (662152.1122000702 1508782.526899998),
DM-14-17-03-02,POINT (661880.0842000707 1509176.460999996),0.0
DM-14-17-03-01,POINT (661888.3209000699 1509603.718099997),
DM-14-11-12-01,POINT (662987.3634000735 1503798.011599998),0.0
DM-14-11-11-01,POINT (656921.8450000577 1506884.750399997),300.0
DM-14-11-10-01,POINT (659650.3210000675 1501956.542999997),0.0
DM-14-11-02-01,POINT (670336.8372000922 1503360.097599997),300.0
DM-14-11-01-02,POINT (670338.1282000922 1503396.953799999),300.0
DM-14-11-01-01,POINT (671091.7112000928 1503587.626399998),0.0
DM-14-10-06-01,POINT (663884.719900075 1511471.428799998),300.0
DM-14-10-04-02,POINT (662451.5628000707 1512394.024099998),0.0
DM-14-10-03-02,POINT (661696.5422000686 1513385.750599998),300.0
DM-14-10-03-01,POINT (661697.0757000687 1513356.741199997),300.0
DM-14-10-02-01,POINT (660777.8628000665 1514363.740899998),300.0
DM-14-10-01-01,POINT (660949.6828000681 1513410.326599998),300.0
DM-14-09-03-01,POINT (663850.1219000751 1511459.0982),300.0
DM-14-09-02-03,POINT (664265.4735000767 1510538.336999997),0.0
DM-14-09-02-02,POINT (664682.8276000752 1509466.399299997),300.0
DM-14-09-02-01,POINT (662245.0128000701 1510401.916399997),0.0
DM-14-09-01-01,POINT (662594.4240000718 1512258.735699997),300.0
DM-14-07-06-01,POINT (664284.6625000736 1503771.250499996),300.0
DM-14-07-03-03,POINT (667140.0472000832 1504357.285199997),0.0
DM-14-07-03-01,POINT (667638.1582000849 1505222.828099996),300.0
DM-14-07-01-02,POINT (665284.900500079 1508066.582099997),300.0
DM-14-06-06-01,POINT (669417.653300088 1513086.995899997),0.0
DM-14-06-04-04,POINT (665118.6669000755 1508476.112899998),0.0
DM-14-06-04-01,POINT (664677.2108000747 1510706.640599999),300.0
DM-14-06-02-02,POINT (665413.4146000772 1511045.795899998),300.0
DM-14-06-01-02,POINT (664622.3780000745 1511503.911699997),300.0
DM-14-05-07-01,POINT (661763.5086000686 1512795.111699998),300.0
DM-14-05-06-02,POINT (660924.4686000668 1509627.725599998),300.0
DM-14-05-06-01,POINT (659934.1418000653 1509628.495099999),300.0
DM-14-05-05-01,POINT (661548.6170000688 1512940.893199999),0.0
DM-14-05-02-01,POINT (659058.1370000629 1512807.573799996),300.0
DM-14-05-01-02,POINT (659042.8008000643 1512857.585199998),300.0
DM-13-07-06-03,POINT (676714.107200111 1508459.191399999),300.0
DM-13-07-06-02,POINT (676903.1955001103 1508789.777599997),300.0
DM-13-07-06-01,POINT (676211.8642001082 1507571.766699998),200.0
DM-13-07-05-03,POINT (672685.2904001004 1509395.619699997),0.0
DM-13-07-04-02,POINT (676385.087900108 1510623.411399996),300.0
DM-13-07-04-01,POINT (674579.3668001036 1511094.637399996),300.0
DM-13-07-03-02,POINT (676992.8558001115 1510466.653399999),300.0
DM-13-07-03-01,POINT (677476.2868001113 1509787.274999997),300.0
DM-13-07-02-01,POINT (676399.7551001079 1510641.536899998),300.0
DM-13-07-01-03,POINT (673500.4195001004 1511412.651999999),300.0
DM-13-07-01-02,POINT (674581.5190001045 1511114.691199997),300.0
DM-13-07-01-01,POINT (674262.2719001016 1510750.901399997),300.0
DM-13-06-04-03,POINT (676946.1411001103 1508782.768399999),300.0
DM-13-06-04-02,POINT (676245.7486001106 1507551.226499997),300.0
DM-13-06-04-01,POINT (676744.8532001092 1508437.104499996),300.0
DM-13-06-02-03,POINT (680018.9748001217 1510652.759299995),300.0
DM-13-06-02-02,POINT (679628.1023001214 1510863.603599997),400.0
DM-13-06-02-01,POINT (681361.3316001275 1509900.539999997),300.0
DM-13-06-01-02,POINT (676958.1269001102 1508803.656999996),300.0
DM-13-06-01-01,POINT (677508.2694001128 1509768.763399997),300.0
DM-13-05-09-04,POINT (683803.9615001354 1511711.322099997),400.0
DM-13-05-09-03,POINT (683715.281700135 1511772.006199997),400.0
DM-13-05-09-02,POINT (682085.8058001291 1511661.001499997),400.0
DM-13-05-09-01,POINT (682096.0943001296 1511660.076399996),400.0
DM-13-05-08-03,POINT (683086.1582001329 1510458.997199996),400.0
DM-13-05-08-01,POINT (681415.8239001278 1509981.686399998),400.0
DM-13-05-07-02,POINT (677900.9604001157 1511415.825899997),300.0
DM-13-05-07-01,POINT (678711.5467001169 1511255.542899997),300.0
DM-13-05-06-02,POINT (679160.6043001169 1512610.983999996),0.0
DM-13-05-06-01,POINT (680056.2779001205 1513080.336799996),0.0
DM-13-05-05-01,POINT (678130.3119001152 1512679.389599998),300.0
DM-13-05-04-03,POINT (680882.019200123 1514571.417299999),300.0
DM-13-05-04-02,POINT (683740.4971001353 1512991.938899997),400.0
DM-13-05-04-01,POINT (680392.7419001253 1513675.433299996),300.0
DM-13-05-03-01,POINT (679161.9967001177 1512628.470199997),200.0
DM-13-05-02-02,POINT (681924.2963001265 1515167.233099998),300.0
DM-13-05-02-01,POINT (681917.5379001272 1515150.560299998),300.0
DM-13-05-01-03,POINT (678097.1706001143 1513471.367999997),300.0
DM-13-05-01-02,POINT (680377.9835001226 1513694.178399998),300.0
DM-13-05-01-01,POINT (678181.3034001151 1514709.048199997),400.0
DM-13-04-09-02,POINT (676708.9967001112 1516332.136299998),300.0
DM-13-04-09-01,POINT (676701.4148001109 1516311.967499996),300.0
DM-13-04-08-02,POINT (678029.290500114 1515305.290099999),300.0
DM-13-04-08-01,POINT (678127.8205001166 1514414.370599998),300.0
DM-13-04-07-01,POINT (677090.7733001128 1512711.923599996),300.0
DM-13-04-06-02,POINT (676679.6358001106 1511632.159499996),300.0
DM-13-04-06-01,POINT (677315.0154001132 1512689.093499996),300.0
DM-13-04-05-01,POINT (675685.8508001062 1512753.286299996),300.0
DM-13-04-04-02,POINT (676651.3893001095 1511656.109999997),300.0
DM-13-04-04-01,POINT (675693.6499001061 1512733.473799996),300.0
DM-13-04-03-01,POINT (675235.3339001057 1512765.848599996),300.0
DM-13-04-02-01,POINT (673866.3130001015 1512212.797999998),300.0
DM-13-04-01-03,POINT (675435.1206001063 1511795.115199999),300.0
DM-13-04-01-02,POINT (674862.679400106 1511903.205299997),300.0
DM-13-04-01-01,POINT (676650.3684001095 1511555.400499996),150.0
DM-13-03-06-02,POINT (684263.2752001376 1517616.869399998),400.0
DM-13-03-06-01,POINT (682863.9798001325 1517521.239799999),300.0
DM-13-03-05-02,POINT (683845.5387001372 1512485.031799997),400.0
DM-13-03-04-03,POINT (683741.4408001346 1515487.170799998),0.0
DM-13-03-04-02,POINT (683028.4129001313 1516152.373199996),0.0
DM-13-03-04-01,POINT (682868.8603001311 1517499.803999998),300.0
DM-13-03-03-02,POINT (680447.3245001235 1517262.008899997),300.0
DM-13-03-03-01,POINT (680459.9701001249 1517238.420899997),300.0
DM-13-03-02-02,POINT (678744.6967001171 1516961.693099997),300.0
DM-13-03-02-01,POINT (678732.2182001161 1516930.550499997),300.0
DM-13-03-01-02,POINT (678085.8640001141 1516692.398399998),200.0
DM-13-03-01-01,POINT (678092.2490001153 1516667.914199999),300.0
DM-13-02-08-01,POINT (672326.3775000963 1509856.370199998),0.0
DM-13-02-07-02,POINT (673469.830900101 1511426.573999996),300.0
DM-13-02-06-03,POINT (672188.0667000973 1511292.2211),
DM-13-02-06-02,POINT (672334.6831000964 1509636.697699996),0.0
DM-13-02-06-01,POINT (672213.9636000951 1510998.535999998),300.0
DM-13-02-05-02,POINT (673795.0067001012 1514357.017499996),100.0
DM-13-02-05-01,POINT (674157.2291001015 1513439.373699997),0.0
DM-13-02-04-05,POINT (673631.3002001003 1511825.689599999),300.0
DM-13-02-03-02,POINT (673188.3922000978 1515602.299799996),300.0
DM-13-02-03-01,POINT (673529.7230001014 1514901.303899996),200.0
DM-13-02-01-02,POINT (673075.7392000989 1515828.237999997),300.0
DM-13-02-01-01,POINT (673048.8778000994 1515887.318899998),300.0
DM-13-01-06-01,POINT (674103.4404001005 1516402.462299997),300.0
DM-13-01-05-02,POINT (674188.145200101 1513442.244799997),300.0
DM-13-01-05-01,POINT (673816.6521001023 1514373.679099997),300.0
DM-13-01-04-05,POINT (676316.3526001099 1516270.562699996),0.0
DM-13-01-04-02,POINT (675891.8624001064 1516219.731499997),300.0
DM-13-01-04-01,POINT (675895.0568001079 1516236.320099997),300.0
DM-13-01-03-03,POINT (674564.3035001026 1515224.971499997),200.0
DM-13-01-03-02,POINT (675153.4763001063 1516138.801599996),300.0
DM-13-01-03-01,POINT (675167.2988001038 1516154.964199997),300.0
DM-13-01-01-03,POINT (674602.8893001024 1516162.801299998),
DM-13-01-01-02,POINT (673851.5558001035 1516512.205499996),300.0
DM-13-01-01-01,POINT (673206.8685000984 1515627.153699996),300.0
DM-12-07-08-01,POINT (680851.4790001252 1530597.953999997),300.0
DM-12-07-07-02,POINT (680807.6875001235 1524309.186599996),100.0
DM-12-07-07-01,POINT (683564.2807001348 1526049.653799996),300.0
DM-12-07-06-01,POINT (682759.0753001318 1525722.188399997),300.0
DM-12-07-05-01,POINT (681678.5737001261 1528403.140699995),300.0
DM-12-07-04-02,POINT (681482.9431001248 1528790.994199997),400.0
DM-12-07-04-01,POINT (680950.8592001243 1530235.982199996),0.0
DM-12-07-03-03,POINT (680581.686300123 1528411.135599998),300.0
DM-12-07-03-02,POINT (679124.1149001191 1529115.761499997),300.0
DM-12-07-03-01,POINT (679515.0059001199 1530061.544899996),400.0
DM-12-07-02-03,POINT (680797.742000124 1530324.946999996),400.0
DM-12-07-02-02,POINT (680211.5070001216 1531742.560599998),400.0
DM-12-07-02-01,POINT (679819.0912001205 1531233.117599996),300.0
DM-12-07-01-02,POINT (679803.4021001194 1531246.690999997),300.0
DM-12-06-10-02,POINT (678316.173700116 1522543.441399998),
DM-12-06-10-01,POINT (679868.2590001206 1523760.201599997),300.0
DM-12-06-09-01,POINT (681627.6865001265 1526318.688499997),400.0
DM-12-06-08-01,POINT (681176.1294001264 1524731.189899996),300.0
DM-12-06-07-02,POINT (680617.0651001241 1524235.504799995),100.0
DM-12-06-07-01,POINT (680790.9155001262 1524335.554899997),300.0
DM-12-06-06-01,POINT (679857.7946001203 1523784.018799996),300.0
DM-12-06-05-01,POINT (678301.2896001154 1522565.767799997),300.0
DM-12-06-04-01,POINT (678015.5414001148 1524290.064499997),300.0
DM-12-06-03-02,POINT (678586.4094001171 1525164.016599996),400.0
DM-12-06-03-01,POINT (678452.0415001148 1524957.996499998),250.0
DM-12-06-02-02,POINT (678276.4617001141 1526231.260599997),300.0
DM-12-06-02-01,POINT (678203.5404001137 1526908.451699996),300.0
DM-12-06-01-02,POINT (680029.5672001222 1528471.905299999),300.0
DM-12-06-01-01,POINT (678644.3074001175 1527950.154899998),0.0
DM-12-05-10-01,POINT (679487.3476001183 1530073.211299998),300.0
DM-12-05-09-01,POINT (677994.5457001149 1524311.174499996),400.0
DM-12-05-08-02,POINT (676391.6986001085 1528690.002099996),300.0
DM-12-05-07-01,POINT (678544.2491001177 1525568.188399997),150.0
DM-12-05-06-02,POINT (678311.900600116 1526079.681399996),300.0
DM-12-05-05-02,POINT (678175.1639001134 1526918.407399997),150.0
DM-12-05-05-01,POINT (676346.8046001081 1528651.523899997),300.0
DM-12-05-04-01,POINT (678617.7568001152 1527960.435399997),300.0
DM-12-05-03-01,POINT (678991.567700116 1528868.921399997),300.0
DM-12-05-02-01,POINT (676450.9919001093 1530163.974199996),300.0
DM-12-04-09-01,POINT (676987.2254001098 1522940.267299997),300.0
DM-12-04-08-01,POINT (676345.024400109 1523306.707899998),300.0
DM-12-04-07-01,POINT (675818.4913001057 1523598.157299996),300.0
DM-12-04-06-02,POINT (674563.1580001031 1524303.818799998),250.0
DM-12-04-06-01,POINT (674964.6768001044 1524079.181299996),300.0
DM-12-04-05-02,POINT (673847.0788001011 1522072.364399996),400.0
DM-12-04-05-01,POINT (674095.4374001031 1524570.228499996),300.0
DM-12-04-04-02,POINT (672728.2048000998 1521842.896299998),300.0
DM-12-04-04-01,POINT (673844.3016001009 1522054.3394),300.0
DM-12-04-03-01,POINT (672381.0351000989 1522714.394399997),300.0
DM-12-04-02-03,POINT (672135.2628000954 1524160.647099997),200.0
DM-12-04-02-02,POINT (673662.2004001011 1524809.249699998),300.0
DM-12-04-02-01,POINT (673223.6966000982 1525063.075299998),300.0
DM-12-04-01-02,POINT (672812.0253000986 1525291.860499998),250.0
DM-12-04-01-01,POINT (671966.040100094 1525768.273699997),250.0
DM-12-03-11-01,POINT (677460.8553001122 1522706.073399997),200.0
DM-12-03-10-01,POINT (677007.3026001115 1522961.843599996),300.0
DM-12-03-09-02,POINT (676682.3562001111 1523145.321799995),300.0
DM-12-03-09-01,POINT (676127.2977001074 1524879.404499999),300.0
DM-12-03-08-02,POINT (675977.6434001088 1525506.668599999),0.0
DM-12-03-08-01,POINT (676264.6953001121 1525961.034299998),300.0
DM-12-03-07-01,POINT (676263.8633001079 1524433.018699997),300.0
DM-12-03-06-02,POINT (676107.589800108 1524881.367799995),200.0
DM-12-03-06-01,POINT (675957.6614001067 1525514.809699997),300.0
DM-12-03-05-01,POINT (675833.8288001081 1523620.850299996),300.0
DM-12-03-04-02,POINT (674966.1330001047 1524110.675699999),300.0
DM-12-03-04-01,POINT (674576.5490001034 1524330.584899997),300.0
DM-12-03-03-01,POINT (674568.2822001039 1524335.220799995),250.0
DM-12-03-02-02,POINT (673667.1598000985 1524837.270999997),300.0
DM-12-03-02-01,POINT (674255.0936001034 1525618.952599999),200.0
DM-12-03-01-02,POINT (673225.4443001006 1525090.435999997),0.0
DM-12-03-01-01,POINT (671976.9369000953 1525792.579299997),300.0
DM-12-02-08-02,POINT (675039.7682001054 1527202.058799997),300.0
DM-12-02-08-01,POINT (677142.6149001122 1526187.003199996),300.0
DM-12-02-07-02,POINT (674662.1599001035 1526521.210499997),300.0
DM-12-02-07-01,POINT (675397.6160001059 1528015.948299997),300.0
DM-12-02-06-01,POINT (672600.2429000963 1526581.8625),300.0
DM-12-02-05-01,POINT (672549.2800000957 1527318.668699996),300.0
DM-12-02-04-01,POINT (672546.0914000957 1527909.542099996),300.0
DM-12-02-02-01,POINT (672534.8719000958 1527324.937999996),300.0
DM-12-02-01-01,POINT (672531.5380000958 1527915.916499999),300.0
DM-12-01-08-01,POINT (675621.9508001052 1529344.361399999),300.0
DM-12-01-07-01,POINT (676367.577600109 1530199.063999996),300.0
DM-12-01-06-01,POINT (674038.4880001001 1529870.941799996),300.0
DM-12-01-05-02,POINT (674871.0532001033 1529615.876699998),400.0
DM-12-01-05-01,POINT (674050.6922001045 1529903.792999997),300.0
DM-12-01-04-02,POINT (672549.4137000968 1528782.748199997),300.0
DM-12-01-03-02,POINT (672051.6071000949 1529692.401399996),300.0
DM-12-01-02-02,POINT (673208.2026000984 1530335.785899998),300.0
DM-12-01-02-01,POINT (672233.8592000969 1530782.909099999),300.0
DM-12-01-01-02,POINT (672241.6484000962 1530836.340299996),300.0
DM-11-08-08-02,POINT (651005.4324000499 1510299.278999998),300.0
DM-11-08-08-01,POINT (649835.6644000477 1509991.972799998),300.0
DM-11-08-07-01,POINT (652073.1780000492 1511369.074099999),300.0
DM-11-07-53-05,POINT (647440.700400043 1519186.103499996),
DM-11-07-52-02,POINT (647439.1526000433 1519013.396199997),
DM-11-07-47-02,POINT (647432.1426000416 1520202.702699998),
DM-11-06-09-04,POINT (652020.1513000492 1510286.173299998),0.0
DM-11-06-09-02,POINT (652257.2585000498 1509247.980099998),300.0
DM-11-06-09-01,POINT (653646.5629000524 1511811.009499998),0.0
DM-11-03-06-01,POINT (657409.0551000605 1517196.952199997),300.0
DM-07-07-11-01,POINT (683411.2203001345 1525140.121899996),400.0
DM-07-07-10-01,POINT (681099.3265001248 1523817.384899996),200.0
DM-07-07-09-01,POINT (679996.0401001212 1523166.518799996),300.0
DM-07-07-08-01,POINT (679061.3169001187 1522905.244099997),0.0
DM-07-07-07-03,POINT (683559.1089001356 1521750.538799995),300.0
DM-07-07-07-02,POINT (684348.8020001369 1524619.867299997),300.0
DM-07-07-07-01,POINT (684284.2418001362 1525585.035899996),100.0
DM-07-07-06-02,POINT (682963.3829001311 1522858.055899996),300.0
DM-07-07-06-01,POINT (682642.462500132 1524647.734099997),300.0
DM-07-07-05-01,POINT (681729.9651001268 1524124.640499996),150.0
DM-07-07-04-02,POINT (680909.2934001244 1523656.417699997),300.0
DM-07-07-04-01,POINT (680642.3306001229 1523503.716099996),300.0
DM-07-07-03-01,POINT (680011.4276001202 1523145.422299996),300.0
DM-07-07-02-02,POINT (678919.8117001175 1521650.475399999),
DM-07-07-01-01,POINT (677921.0869001164 1521982.253499997),300.0
DM-07-06-11-01,POINT (679155.0110001176 1518150.475199996),300.0
DM-07-06-10-01,POINT (678362.3969001144 1518704.352899998),300.0
DM-07-06-09-01,POINT (678375.7645001154 1518726.186399998),300.0
DM-07-06-08-01,POINT (678386.8868001156 1518720.887499997),300.0
DM-07-06-07-01,POINT (679370.0822001178 1517657.449499998),300.0
DM-07-06-06-01,POINT (680863.932200126 1517786.398799999),0.0
DM-07-06-05-01,POINT (681831.5264001304 1517867.545299995),200.0
DM-07-06-04-03,POINT (684143.0350001354 1518294.350499997),300.0
DM-07-06-04-02,POINT (683568.9120001344 1517820.178699996),300.0
DM-07-06-04-01,POINT (682704.9368001309 1517820.802299997),0.0
DM-07-06-03-04,POINT (682519.5905001308 1518935.708899999),300.0
DM-07-06-03-03,POINT (683321.173400132 1518859.113899996),300.0
DM-07-06-03-02,POINT (683432.515800134 1521783.528099996),300.0
DM-07-06-03-01,POINT (679366.7099001205 1519286.667499998),300.0
DM-07-06-02-03,POINT (680096.5424001222 1519232.691199995),400.0
DM-07-06-02-02,POINT (681088.5974001266 1519093.805699996),400.0
DM-07-06-02-01,POINT (680046.5072001208 1520284.595399998),300.0
DM-07-06-01-02,POINT (677932.6061001143 1519614.355599997),400.0
DM-07-05-15-01,POINT (668351.9593000863 1517405.679199995),300.0
DM-07-05-14-01,POINT (668553.5765000854 1517285.713199996),150.0
DM-07-05-13-03,POINT (668370.3206000847 1517437.829899997),300.0
DM-07-05-13-02,POINT (668357.1444000861 1517443.301799997),300.0
DM-07-05-13-01,POINT (668685.1527000867 1518087.574399999),300.0
DM-07-05-12-03,POINT (671094.3183000957 1516244.302899997),600.0
DM-07-05-11-04,POINT (669037.2521000871 1517180.006699997),300.0
DM-07-05-11-03,POINT (669418.4614000893 1517200.185199999),300.0
DM-07-05-11-02,POINT (669875.9685000899 1517005.475299996),300.0
DM-07-05-11-01,POINT (670602.9692000925 1516695.123399998),300.0
DM-07-05-10-03,POINT (671159.6037000916 1516215.921899998),300.0
DM-07-05-10-02,POINT (672334.0396000948 1516585.624299997),
DM-07-05-09-02,POINT (671801.3792000939 1516969.679299999),300.0
DM-07-05-09-01,POINT (671153.923700094 1517437.682999998),300.0
DM-07-05-08-01,POINT (670608.5247000901 1516721.199499998),400.0
DM-07-05-07-01,POINT (669883.8836000904 1517026.047599998),400.0
DM-07-05-06-02,POINT (670553.6817000899 1517864.455699998),0.0
DM-07-05-06-01,POINT (669955.7314000903 1518291.951099996),300.0
DM-07-05-05-02,POINT (669426.8536000882 1517219.421799998),300.0
DM-07-05-05-01,POINT (669351.9821000902 1518723.102999998),300.0
DM-07-05-04-02,POINT (669031.7336000873 1517198.752099999),300.0
DM-07-05-04-01,POINT (668721.5674000853 1518095.065699997),300.0
DM-07-05-03-01,POINT (668719.1312000862 1518112.5601),300.0
DM-07-05-02-03,POINT (668764.594300085 1518971.231799996),300.0
DM-07-05-02-02,POINT (668530.4804000843 1519304.480299997),300.0
DM-07-05-02-01,POINT (668519.181200085 1519312.555099998),300.0
DM-07-04-19-01,POINT (677171.0740001106 1520882.878499997),300.0
DM-07-04-18-01,POINT (674722.5182001032 1520025.673699996),0.0
DM-07-04-16-05,POINT (674692.2708001025 1517807.712199998),300.0
DM-07-04-16-04,POINT (674684.4929001055 1517810.871799997),300.0
DM-07-04-15-01,POINT (675644.1496001063 1519222.318099997),0.0
DM-07-04-14-01,POINT (677567.2334001143 1517306.742099997),0.0
DM-07-04-13-02,POINT (677481.869400112 1518304.1782),0.0
DM-07-04-13-01,POINT (676412.4740001082 1519195.296999997),300.0
DM-07-04-12-01,POINT (675038.6331001066 1519169.388899997),300.0
DM-07-04-11-03,POINT (673987.7140001014 1519263.540299999),300.0
DM-07-04-11-01,POINT (672968.3508000993 1519549.976099996),
DM-07-04-10-01,POINT (676356.2876001098 1519226.550399997),300.0
DM-07-04-09-01,POINT (676953.7924001105 1519815.291999996),300.0
DM-07-04-08-01,POINT (673452.2012000995 1519510.118599998),300.0
DM-07-04-07-01,POINT (673927.3760001012 1520151.272599999),0.0
DM-07-04-06-01,POINT (675734.2843001082 1519663.784199997),0.0
DM-07-04-05-01,POINT (676964.1996001101 1519883.375799998),300.0
DM-07-04-04-02,POINT (674085.4444001012 1520862.631799997),0.0
DM-07-04-04-01,POINT (674100.0577001023 1520878.253099997),0.0
DM-07-04-03-03,POINT (675266.9244001054 1521753.086099997),300.0
DM-07-04-03-02,POINT (675282.0979001058 1521754.901999998),0.0
DM-07-04-03-01,POINT (674785.974200106 1520219.268399996),0.0
DM-07-04-02-02,POINT (676041.1157001087 1521849.735699997),300.0
DM-07-04-02-01,POINT (676955.7803001095 1521959.656599997),300.0
DM-07-04-01-01,POINT (677889.8957001154 1522052.666799998),0.0
DM-07-01-11-02,POINT (672566.8541000974 1517473.471199999),300.0
DM-07-01-11-01,POINT (672566.9964000961 1517485.174599996),300.0
DM-07-01-09-05,POINT (671345.4188000923 1517375.2977),300.0
DM-07-01-09-04,POINT (671608.9728000949 1518722.255599999),300.0
DM-07-01-09-03,POINT (672346.6411000967 1516612.719799997),300.0
DM-07-01-09-02,POINT (671810.2702000947 1516998.269799996),0.0
DM-07-01-09-01,POINT (671345.169300093 1517370.601799998),300.0
DM-07-01-08-02,POINT (672796.402200097 1519177.273799998),250.0
DM-07-01-08-01,POINT (671607.3618000953 1518717.056399997),300.0
DM-07-01-07-02,POINT (671405.5914000937 1518088.990399997),300.0
DM-07-01-07-01,POINT (671078.6760000929 1518705.936199998),0.0
DM-07-01-06-03,POINT (670451.3470000911 1520088.913899996),
DM-07-01-06-02,POINT (670582.5498000918 1517880.744299999),300.0
DM-07-01-06-01,POINT (670569.3776000934 1517889.9459),300.0
DM-07-01-05-04,POINT (669981.3961000887 1518308.319699998),300.0
DM-07-01-05-03,POINT (669967.8295000903 1518317.933999997),300.0
DM-07-01-05-02,POINT (669949.0946000903 1519185.970199998),0.0
DM-07-01-05-01,POINT (670067.6386000911 1520150.860799997),
DM-07-01-04-04,POINT (669623.5028000879 1518580.429299999),0.0
DM-07-01-04-03,POINT (670055.2155000905 1520166.537999998),
DM-07-01-04-02,POINT (669357.708700089 1518751.658799998),0.0
DM-07-01-04-01,POINT (669345.440100088 1518760.573499997),0.0
DM-07-01-03-01,POINT (668966.1844000859 1519028.400899998),300.0
DM-07-01-02-02,POINT (668555.9534000857 1519320.337499999),300.0
DM-07-01-02-01,POINT (668542.8505000853 1519329.740399997),300.0
DM-07-01-01-02,POINT (667755.7293000822 1519810.244599998),300.0
DM-07-01-01-01,POINT (667730.624700083 1519815.532099998),300.0
DM-06-06-09-03,POINT (664910.7381000766 1520711.348799996),300.0
DM-06-06-09-02,POINT (666592.5419000791 1520600.138299997),200.0
DM-06-06-09-01,POINT (665624.803400077 1520916.805299999),300.0
DM-06-06-08-01,POINT (664047.1675000738 1521326.059399999),300.0
DM-06-06-07-03,POINT (666632.7148000812 1520637.894199998),300.0
DM-06-06-07-02,POINT (666665.6587000828 1520579.598799998),300.0
DM-06-06-07-01,POINT (666737.3861000796 1521129.0591),300.0
DM-06-06-06-04,POINT (665642.8345000787 1520978.342999999),300.0
DM-06-06-06-02,POINT (666722.8433000809 1521142.590199998),300.0
DM-06-06-05-03,POINT (664755.6395000766 1521286.000299996),300.0
DM-06-06-05-01,POINT (664699.1753000787 1521306.077199998),300.0
DM-06-06-04-01,POINT (666773.8879000803 1521504.515199998),300.0
DM-06-06-03-02,POINT (666412.1563000788 1521373.923299998),0.0
DM-06-06-03-01,POINT (666476.0524000812 1522170.828399998),150.0
DM-06-06-02-01,POINT (665295.0562000764 1522737.506499999),200.0
DM-06-06-01-03,POINT (665027.1683000771 1522149.802099998),300.0
DM-06-06-01-02,POINT (664989.977500079 1521905.189099997),200.0
DM-06-06-01-01,POINT (666208.359300082 1522292.291699997),0.0
DM-06-05-10-02,POINT (663616.5255000744 1521739.044799999),300.0
DM-06-05-10-01,POINT (663604.6425000746 1521756.039699999),300.0
DM-06-05-09-03,POINT (663615.2365000735 1522094.9249),200.0
DM-06-05-09-02,POINT (663144.5532000735 1522942.381199998),200.0
DM-06-05-09-01,POINT (663133.594700073 1522954.305299997),200.0
DM-06-05-08-01,POINT (662828.5710000715 1523220.204899997),300.0
DM-06-05-07-02,POINT (664062.1563000744 1523693.162799996),300.0
DM-06-05-07-01,POINT (663509.9413000732 1523757.790699997),300.0
DM-06-05-06-01,POINT (663196.4897000709 1524023.840999997),200.0
DM-06-05-05-03,POINT (664744.2953000769 1523393.336299997),300.0
DM-06-05-05-02,POINT (664894.1703000765 1523300.1829),300.0
DM-06-05-05-01,POINT (665149.7425000754 1524952.569599996),200.0
DM-06-05-04-02,POINT (663805.3698000731 1524281.795399997),200.0
DM-06-05-04-01,POINT (663437.9702000725 1524487.147799999),0.0
DM-06-05-03-03,POINT (663807.9106000725 1524297.752899999),300.0
DM-06-05-03-02,POINT (664518.8036000746 1523901.522599998),300.0
DM-06-05-03-01,POINT (663811.6349000735 1525048.846399997),300.0
DM-06-05-02-02,POINT (663377.5989000745 1524422.754499997),200.0
DM-06-05-02-01,POINT (673224.6366000996 1530367.284599999),200.0
DM-06-05-01-03,POINT (665336.9241000777 1525441.739399996),200.0
DM-06-05-01-02,POINT (665407.5407000768 1525417.077899997),300.0
DM-06-05-01-01,POINT (663941.3077000752 1525232.657899998),300.0
DM-06-04-08-02,POINT (667477.7517000837 1517807.567399998),300.0
DM-06-04-08-01,POINT (667248.952000081 1519375.572799997),0.0
DM-06-04-07-03,POINT (666409.7783000795 1519012.219299997),300.0
DM-06-04-07-02,POINT (667160.6592000821 1518961.138099997),300.0
DM-06-04-07-01,POINT (667228.2291000828 1519377.959199997),0.0
DM-06-04-06-05,POINT (665979.1136000808 1519499.679099997),0.0
DM-06-04-06-03,POINT (666214.6309000805 1518553.758099997),300.0
DM-06-04-06-02,POINT (666095.8412000792 1520067.073399998),
DM-06-04-06-01,POINT (666033.0099000789 1520071.069399996),300.0
DM-06-04-05-04,POINT (664743.359300076 1520236.145899998),200.0
DM-06-04-05-03,POINT (664621.2507000756 1519518.925899997),300.0
DM-06-04-05-02,POINT (665156.968300076 1518779.833199997),300.0
DM-06-04-05-01,POINT (664899.3233000771 1520274.059999997),200.0
DM-06-04-04-04,POINT (664727.604700075 1520231.682299997),0.0
DM-06-04-04-03,POINT (663986.6905000743 1519268.542499997),300.0
DM-06-04-04-02,POINT (664280.3519000754 1519140.005999998),300.0
DM-06-04-03-02,POINT (667399.7857000821 1519875.551099999),0.0
DM-06-04-03-01,POINT (666581.4698000823 1520229.261299998),0.0
DM-06-04-02-03,POINT (665559.8776000781 1520497.747399997),0.0
DM-06-04-01-04,POINT (664019.9911000737 1520702.570799997),200.0
DM-06-04-01-03,POINT (665543.3358000772 1520504.069599996),0.0
DM-06-04-01-02,POINT (664822.5292000761 1520560.787999999),0.0
DM-06-04-01-01,POINT (664396.0638000739 1520847.912699997),150.0
DM-06-03-08-03,POINT (663920.9031000725 1520132.662999998),300.0
DM-06-03-08-01,POINT (663108.1214000739 1520746.277699997),100.0
DM-06-03-07-01,POINT (663095.0329000729 1520761.510499998),200.0
DM-06-03-06-02,POINT (663797.3549000747 1520575.832699997),0.0
DM-06-03-05-01,POINT (662767.5310000734 1520845.787599997),250.0
DM-06-03-04-02,POINT (663209.3243000736 1521170.647499999),300.0
DM-06-03-04-01,POINT (663237.723100072 1521418.087899998),300.0
DM-06-03-03-03,POINT (662616.8685000711 1521918.2429),200.0
DM-06-03-03-02,POINT (663221.1514000727 1521415.719499998),200.0
DM-06-03-03-01,POINT (662770.0105000715 1522183.009799998),150.0
DM-06-03-02-02,POINT (662607.1243000703 1521934.071699998),300.0
DM-06-03-02-01,POINT (662761.0722000713 1522197.349999998),300.0
DM-06-03-01-01,POINT (662257.5799000704 1522430.114799999),300.0
DM-06-02-07-03,POINT (663619.7688000727 1519149.799099998),300.0
DM-06-02-06-02,POINT (663247.0307000733 1519163.071099998),0.0
DM-06-02-06-01,POINT (662949.8360000707 1519707.052799998),300.0
DM-06-02-05-02,POINT (662369.3646000712 1519531.732499997),150.0
DM-06-02-05-01,POINT (662636.0807000708 1519895.399499998),200.0
DM-06-02-04-02,POINT (663452.9751000721 1519416.233599998),200.0
DM-06-02-04-01,POINT (662966.8389000684 1519713.114799998),200.0
DM-06-02-03-03,POINT (663530.5723000723 1519521.883499999),0.0
DM-06-02-03-02,POINT (663528.1713000718 1519518.460299998),200.0
DM-06-02-03-01,POINT (663354.8123000722 1519661.307699999),0.0
DM-06-02-02-01,POINT (662834.7085000703 1520075.317999999),300.0
DM-06-02-01-02,POINT (662634.4691000727 1519916.730899997),300.0
DM-06-02-01-01,POINT (662803.5835000707 1520131.208899998),300.0
DM-06-01-06-02,POINT (662055.2941000696 1519762.260399997),200.0
DM-06-01-06-01,POINT (662036.6247000699 1519769.153899997),300.0
DM-06-01-05-04,POINT (662195.2455000714 1520460.239499997),300.0
DM-06-01-05-03,POINT (662180.5518000682 1520461.661799998),200.0
DM-06-01-05-01,POINT (661794.2395000681 1520703.816699998),200.0
DM-06-01-04-02,POINT (662676.147400072 1520835.045699998),200.0
DM-06-01-04-01,POINT (662684.1801000724 1521235.455699998),200.0
DM-06-01-03-03,POINT (662027.8947000704 1519649.138099998),300.0
DM-06-01-03-02,POINT (661702.2907000696 1520275.140999998),300.0
DM-06-01-03-01,POINT (661762.9044000698 1520653.412899998),300.0
DM-06-01-02-02,POINT (662687.9319000723 1521301.884499998),300.0
DM-06-01-01-01,POINT (661957.3276000712 1521914.771799998),200.0
DM-05-05-14-02,POINT (666988.1873000826 1512265.571099997),300.0
DM-05-05-14-01,POINT (666030.6952000788 1512208.198399997),300.0
DM-05-05-13-01,POINT (666508.9358000814 1512531.658099998),300.0
DM-05-05-12-03,POINT (665552.9753000792 1512605.439299998),400.0
DM-05-05-12-02,POINT (666462.9746000807 1512536.9109),300.0
DM-05-05-12-01,POINT (666193.6256000802 1513562.621799997),300.0
DM-05-05-11-01,POINT (667422.6653000833 1513488.636199996),300.0
DM-05-05-10-01,POINT (667100.6750000821 1513443.690099999),300.0
DM-05-05-09-04,POINT (665933.5700000806 1514040.178999998),300.0
DM-05-05-09-03,POINT (666212.0045000787 1513586.985699998),300.0
DM-05-05-09-02,POINT (667077.9751000836 1513484.784199996),300.0
DM-05-05-08-02,POINT (667312.3771000833 1514319.863899997),400.0
DM-05-05-08-01,POINT (666411.7507000789 1514726.786499997),200.0
DM-05-05-07-02,POINT (665614.3873000781 1514969.305299997),400.0
DM-05-05-07-01,POINT (666352.9683000785 1514801.944299998),400.0
DM-05-05-06-01,POINT (666860.5169000818 1515491.611399998),50.0
DM-05-05-05-01,POINT (665831.4399000775 1515666.061399997),200.0
DM-05-05-04-02,POINT (667181.3966000823 1515400.027099998),0.0
DM-05-05-03-01,POINT (667691.6906000839 1516259.2748),200.0
DM-05-05-02-03,POINT (666757.2504000823 1516207.169399998),300.0
DM-05-05-02-02,POINT (667982.3789000848 1516850.530199999),300.0
DM-05-05-01-01,POINT (666164.7044000803 1517673.889199998),300.0
DM-05-04-11-01,POINT (664859.5495000763 1513173.550999998),300.0
DM-05-04-10-04,POINT (664891.1186000772 1513208.969599996),300.0
DM-05-04-10-03,POINT (665815.5051000771 1513744.047699998),300.0
DM-05-04-10-02,POINT (665698.1067000784 1513252.461499997),300.0
DM-05-04-10-01,POINT (665889.8305000782 1514222.661199998),300.0
DM-05-04-09-01,POINT (663755.2030000733 1513776.922099997),400.0
DM-05-04-08-02,POINT (664521.5963000769 1513693.421299997),150.0
DM-05-04-08-01,POINT (663781.1466000747 1513818.155799997),400.0
DM-05-04-07-01,POINT (665751.3464000777 1514579.924399996),0.0
DM-05-04-05-01,POINT (663810.0273000745 1514931.641499998),300.0
DM-05-04-04-01,POINT (665476.2368000794 1515275.216399997),150.0
DM-05-04-02-02,POINT (663396.4982000734 1514218.2705),300.0
DM-05-04-02-01,POINT (663782.0291000744 1514956.068599999),300.0
DM-05-04-01-01,POINT (664148.7489000759 1515940.479099997),150.0
DM-05-03-06-02,POINT (663217.0404000739 1513887.015699998),300.0
DM-05-03-05-02,POINT (662226.4000000699 1514410.891599998),400.0
DM-05-03-05-01,POINT (661956.0500000698 1514777.913399997),300.0
DM-05-03-03-03,POINT (662547.8469000718 1515338.520699998),300.0
DM-05-03-03-02,POINT (661963.6279000695 1514784.896999998),300.0
DM-05-03-02-03,POINT (663181.5793000718 1515937.120299998),300.0
DM-05-03-02-02,POINT (663920.786200073 1515990.800599997),0.0
DM-05-03-01-02,POINT (661939.7099000706 1514802.109899997),300.0
DM-05-03-01-01,POINT (662488.9654000723 1515309.894899998),300.0
DM-05-02-08-01,POINT (666415.3094000815 1516819.494699997),300.0
DM-05-02-05-01,POINT (666155.6631000788 1517663.202599999),300.0
DM-05-02-04-02,POINT (665028.3766000768 1517326.382899999),0.0
DM-05-02-03-01,POINT (665030.9718000774 1517318.1061),0.0
DM-05-02-02-02,POINT (664356.688900076 1516623.228599996),300.0
DM-05-02-02-01,POINT (663798.1135000741 1517015.583399997),0.0
DM-05-02-01-02,POINT (663174.0076000737 1515949.119599997),300.0
DM-05-02-01-01,POINT (663783.5525000726 1517020.095),300.0
DM-05-01-09-02,POINT (666326.0512000808 1518247.332399999),300.0
DM-05-01-08-01,POINT (664452.8282000774 1517675.735899997),300.0
DM-05-01-07-01,POINT (665402.8336000761 1518057.700899999),300.0
DM-05-01-06-01,POINT (664928.4296000773 1517884.744399998),300.0
DM-05-01-05-02,POINT (664369.2651000745 1517679.761499998),300.0
DM-05-01-05-01,POINT (663965.8119000751 1517868.708799997),300.0
DM-05-01-04-02,POINT (665764.035200079 1518490.416399997),300.0
DM-05-01-04-01,POINT (665360.3132000763 1518658.474399997),300.0
DM-05-01-03-03,POINT (663962.819600074 1517881.130599997),300.0
DM-05-01-02-01,POINT (663895.8999000739 1518244.047799999),300.0
DM-05-01-01-03,POINT (665148.1654000765 1518743.689099997),300.0
DM-05-01-01-02,POINT (664536.5170000741 1518990.015999998),200.0
DM-05-01-01-01,POINT (664191.9348000739 1519129.614599998),300.0
DM-04-09-15-01,POINT (664546.7693000762 1538754.538499998),0.0
DM-04-09-14-01,POINT (668079.7332000847 1538807.737499997),0.0
DM-04-09-13-01,POINT (667418.7200000812 1541499.166899999),0.0
DM-04-09-12-01,POINT (663879.2342000727 1537733.586399998),0.0
DM-04-09-11-01,POINT (666835.7106000796 1537107.085499997),0.0
DM-04-09-10-01,POINT (666819.9524000833 1537112.708399997),0.0
DM-04-09-09-01,POINT (667884.2624000827 1536451.326599998),0.0
DM-04-09-08-01,POINT (666812.0961000798 1537076.040899995),0.0
DM-04-09-07-01,POINT (666297.4328000797 1537255.243499997),0.0
DM-04-09-06-01,POINT (662934.8491000715 1536815.429899997),
DM-04-09-05-01,POINT (662818.9431000706 1538307.332999998),0.0
DM-04-09-04-01,POINT (663586.1703000745 1538967.1093),0.0
DM-04-09-03-01,POINT (666945.3951000823 1539118.337299998),0.0
DM-04-09-02-01,POINT (667609.2542000797 1538996.387799997),0.0
DM-04-09-01-01,POINT (666042.8219000781 1541089.446899999),0.0
DM-04-08-10-01,POINT (662006.9377000701 1535107.743499998),0.0
DM-04-08-09-01,POINT (663515.7364000729 1535175.348199999),0.0
DM-04-08-08-01,POINT (663509.3625000737 1535192.119),0.0
DM-04-08-07-01,POINT (662904.630400072 1536797.895599998),0.0
DM-04-08-06-02,POINT (661206.8901000684 1537680.910499997),
DM-04-08-06-01,POINT (662459.8246000716 1537996.430299998),0.0
DM-04-08-05-01,POINT (662791.0474000711 1538320.249999997),0.0
DM-04-08-03-01,POINT (664263.4078000743 1539601.702399998),0.0
DM-04-08-02-01,POINT (664918.3959000747 1540157.474999998),0.0
DM-04-08-01-01,POINT (665632.0842000769 1540775.432699998),0.0
DM-04-06-14-01,POINT (663775.2436000743 1536033.367099998),0.0
DM-04-06-13-01,POINT (666194.10690008 1532475.416799997),0.0
DM-04-06-12-01,POINT (667326.9533000814 1533945.806399997),0.0
DM-04-06-11-01,POINT (666203.5800000816 1532474.308499998),0.0
DM-04-06-10-01,POINT (664754.8101000767 1532644.487199998),0.0
DM-04-06-09-01,POINT (664249.7987000739 1533316.457999998),0.0
DM-04-06-08-01,POINT (667006.7836000816 1535013.611299998),0.0
DM-04-06-07-01,POINT (666128.5256000796 1535154.978699999),0.0
DM-04-06-06-01,POINT (665235.4210000781 1535317.299799997),0.0
DM-04-06-05-01,POINT (663542.0058000744 1535194.202299997),0.0
DM-04-06-04-01,POINT (665221.3898000766 1535320.999199997),0.0
DM-04-06-03-01,POINT (667009.0922000817 1535031.585899998),0.0
DM-04-06-02-01,POINT (666130.3505000791 1535165.407299997),0.0
DM-04-05-14-01,POINT (662960.4228000706 1532890.048299997),0.0
DM-04-05-13-01,POINT (662962.5168000719 1532830.429399998),0.0
DM-04-05-12-01,POINT (660168.0414000667 1532990.855199997),0.0
DM-04-05-11-01,POINT (660938.5234000689 1535420.621099996),0.0
DM-04-05-10-01,POINT (664351.3289000747 1532505.126399996),0.0
DM-04-05-09-01,POINT (661819.176600069 1532114.479299997),0.0
DM-04-05-08-01,POINT (661316.8964000697 1532870.319399997),0.0
DM-04-05-07-01,POINT (662069.8313000698 1531185.717799998),0.0
DM-04-05-06-01,POINT (660890.4254000679 1533676.088599998),0.0
DM-04-05-05-01,POINT (661951.3690000687 1533195.130999996),0.0
DM-04-05-04-01,POINT (663795.6788000742 1534437.820099995),0.0
DM-04-05-03-01,POINT (661997.7092000694 1535086.376399996),0.0
DM-04-05-02-01,POINT (661541.3860000687 1533591.230399998),0.0
DM-04-05-01-01,POINT (661603.4960786137 1535194.888899864),300.0
DM-04-03-12-01,POINT (666829.7221000799 1531758.840699998),0.0
DM-04-03-11-01,POINT (663875.6938000727 1531727.512099998),0.0
DM-04-03-10-01,POINT (662195.7420000688 1530963.349399998),0.0
DM-04-03-09-01,POINT (662497.4928000711 1528932.912999997),0.0
DM-04-03-08-01,POINT (664382.4406000759 1529939.327099997),0.0
DM-04-03-06-01,POINT (666193.2622000796 1532438.108899997),0.0
DM-04-03-05-01,POINT (664752.5549000767 1532608.178399998),0.0
DM-04-03-04-01,POINT (662311.5690000695 1529337.099999997),0.0
DM-04-03-03-01,POINT (661776.9996000713 1530434.062899997),0.0
DM-04-03-02-01,POINT (663009.009800073 1530979.297899999),0.0
DM-04-03-01-01,POINT (662069.5383000688 1531176.092799998),0.0
DM-03-06-06-01,POINT (671505.2354000955 1521093.161699996),300.0
DM-03-06-05-01,POINT (669826.1445000896 1521268.179799996),300.0
DM-03-06-03-03,POINT (671349.3897000931 1524138.463999998),100.0
DM-03-06-03-02,POINT (671855.6345000947 1522769.9382),300.0
DM-03-06-03-01,POINT (671857.9399000943 1522788.630199997),300.0
DM-03-06-02-01,POINT (670146.7670000901 1524015.243299997),300.0
DM-03-06-01-02,POINT (671152.6227000928 1524855.478599996),300.0
DM-03-06-01-01,POINT (670178.5344000913 1524783.329299997),300.0
DM-03-05-12-01,POINT (667592.2986000837 1522021.081199997),300.0
DM-03-05-11-01,POINT (669286.3862000871 1521747.693799997),0.0
DM-03-05-09-01,POINT (669610.200300088 1522244.849799999),300.0
DM-03-05-08-01,POINT (668475.8548000918 1522791.309299997),300.0
DM-03-05-07-01,POINT (667994.3948000829 1521848.703199996),300.0
DM-03-05-06-01,POINT (670081.0398000916 1523221.048299997),
DM-03-05-05-01,POINT (668803.180400087 1523346.506199998),300.0
DM-03-05-04-01,POINT (668423.0591000856 1524053.857799998),300.0
DM-03-05-03-01,POINT (669377.7401000876 1523809.806099996),300.0
DM-03-05-02-01,POINT (670142.8311000912 1524817.002199997),300.0
DM-03-05-01-01,POINT (669400.4846000887 1524607.677099999),300.0
DM-03-04-08-01,POINT (671583.3687000952 1525978.055599999),300.0
DM-03-04-07-01,POINT (670194.4692000893 1525253.585799996),300.0
DM-03-04-06-01,POINT (669787.6487000898 1525028.405999996),0.0
DM-03-04-05-01,POINT (668813.4516000856 1525569.224799997),
DM-03-04-04-02,POINT (670234.827500089 1526178.173199997),200.0
DM-03-04-04-01,POINT (671240.0070000938 1526172.358999998),300.0
DM-03-04-03-01,POINT (669810.4243000899 1526985.127699996),300.0
DM-03-04-02-01,POINT (668789.4286000865 1525797.104799998),300.0
DM-03-04-01-01,POINT (668623.9020000845 1527590.760699997),400.0
DM-03-03-13-01,POINT (665556.4885000787 1523355.429299999),150.0
DM-03-03-12-01,POINT (667108.0449000817 1522126.465499998),300.0
DM-03-03-11-02,POINT (666456.1309000808 1522504.698499997),300.0
DM-03-03-11-01,POINT (666966.8758000814 1523816.618199998),300.0
DM-03-03-10-02,POINT (666033.7376000788 1524568.191799997),300.0
DM-03-03-10-01,POINT (666938.5219000818 1523827.300899998),300.0
DM-03-03-09-01,POINT (667206.4097000806 1524594.355899999),300.0
DM-03-03-08-01,POINT (667235.7436000827 1524584.741899997),300.0
DM-03-03-07-02,POINT (667112.348400081 1525056.871499998),
DM-03-03-07-01,POINT (666577.0900000798 1525164.195999999),300.0
DM-03-03-06-02,POINT (665985.204400078 1524615.205499997),300.0
DM-03-03-06-01,POINT (666238.4810000801 1525270.354699997),
DM-03-03-05-01,POINT (668135.0404000834 1524945.4864),300.0
DM-03-03-04-01,POINT (667686.7359000838 1524945.499199997),300.0
DM-03-03-03-02,POINT (667499.3261000839 1525447.016799996),300.0
DM-03-03-03-01,POINT (666291.1531000785 1525247.912399997),
DM-03-03-02-01,POINT (668337.8431000839 1527079.520199996),300.0
DM-03-03-01-02,POINT (667979.5254000829 1526546.138299996),300.0
DM-03-02-09-01,POINT (671257.7484000941 1526199.275499997),300.0
DM-03-02-08-01,POINT (670278.6032000897 1527208.270799997),0.0
DM-03-02-07-01,POINT (670306.2731000895 1528256.964099997),300.0
DM-03-02-06-01,POINT (669533.1176000894 1529151.079099998),150.0
DM-03-02-05-01,POINT (670995.9163000907 1529988.615499998),300.0
DM-03-02-04-01,POINT (671808.9095000944 1529756.461599997),300.0
DM-03-02-03-01,POINT (670231.0929000899 1530432.345999998),300.0
DM-03-02-02-01,POINT (671301.1754000927 1530690.370499997),300.0
DM-03-02-01-01,POINT (671260.0232000925 1532254.728099999),200.0
DM-03-01-09-01,POINT (669825.4324000899 1527003.125299998),200.0
DM-03-01-08-01,POINT (669427.4928000874 1527228.041299997),200.0
DM-03-01-07-01,POINT (669148.8125000859 1528517.2323),300.0
DM-03-01-06-02,POINT (668577.2989000846 1529519.407099998),200.0
DM-03-01-06-01,POINT (669428.4970000896 1529069.205599998),300.0
DM-03-01-05-03,POINT (667519.3638000824 1527426.380699996),0.0
DM-03-01-05-02,POINT (668390.9090000853 1528720.877599997),300.0
DM-03-01-05-01,POINT (668246.9664000851 1529588.9238),0.0
DM-03-01-04-01,POINT (668576.7875000845 1529551.992699996),300.0
DM-03-01-03-01,POINT (668812.1601000874 1531373.456399997),300.0
DM-03-01-02-03,POINT (669146.102500087 1531220.793699997),300.0
DM-03-01-02-02,POINT (670498.0531000914 1530966.874199996),
DM-03-01-02-01,POINT (669814.2179000874 1530844.206699998),150.0
DM-03-01-01-02,POINT (670588.1108000902 1531129.004199997),200.0
DM-03-01-01-01,POINT (671091.2722000947 1532012.715499999),200.0
DM-02-16-07-02,POINT (659795.436600064 1514535.0916),300.0
DM-02-16-07-01,POINT (659088.1640000629 1514867.092899999),300.0
DM-02-16-06-03,POINT (658744.1030000646 1515298.776399998),
DM-02-16-06-02,POINT (659079.9840000642 1514871.251399998),300.0
DM-02-16-05-01,POINT (659857.6406000648 1516619.968799999),300.0
DM-02-16-04-03,POINT (658707.0270000636 1515332.457299997),0.0
DM-02-16-04-01,POINT (658958.5398000625 1516104.796099998),200.0
DM-02-16-03-02,POINT (659725.401600064 1517256.555699998),300.0
DM-02-16-03-01,POINT (659212.3394000628 1516969.960499999),300.0
DM-02-16-01-01,POINT (659555.7171000644 1517300.375699999),250.0
DM-02-15-05-02,POINT (663012.6574000723 1518340.434799999),150.0
DM-02-15-05-01,POINT (661671.7685000696 1518003.243699998),300.0
DM-02-15-04-02,POINT (663087.2975000734 1517123.571399997),0.0
DM-02-15-04-01,POINT (663153.1955000731 1518290.340699997),0.0
DM-02-15-03-01,POINT (662576.183300072 1517402.509299996),0.0
DM-02-15-02-01,POINT (663124.2304000728 1518307.5753),400.0
DM-02-15-01-01,POINT (661395.9115000695 1517400.080299997),300.0
DM-02-14-09-01,POINT (655153.0389000563 1504225.171799998),300.0
DM-02-14-08-01,POINT (649575.2879000452 1505553.314099998),400.0
DM-02-14-07-02,POINT (651970.353200051 1508058.407299997),400.0
DM-02-14-07-01,POINT (650940.0630000471 1506984.072199998),300.0
DM-02-14-06-02,POINT (653337.5094000523 1509158.950799997),300.0
DM-02-14-06-01,POINT (653076.2156000515 1507814.162399997),300.0
DM-02-14-05-03,POINT (655227.7805000562 1504575.112199998),0.0
DM-02-14-05-02,POINT (655541.3209000548 1506168.550899996),0.0
DM-02-14-05-01,POINT (655572.983700057 1506170.948299999),400.0
DM-02-14-04-03,POINT (655342.0351000548 1506615.085399998),0.0
DM-02-14-04-02,POINT (655183.8451000559 1507080.895099998),300.0
DM-02-14-03-03,POINT (654964.5094000559 1508308.430199998),0.0
DM-02-14-03-02,POINT (653370.3443000549 1509181.538699996),300.0
DM-02-14-03-01,POINT (654228.5175000541 1509844.2616),300.0
DM-02-14-02-01,POINT (650399.7832000491 1506522.429099998),
DM-02-14-01-02,POINT (653302.0090000527 1509218.704599998),
DM-02-14-01-01,POINT (654215.2158000555 1509927.398999998),
DM-02-13-06-02,POINT (654826.025800055 1512467.448899999),0.0
DM-02-13-06-01,POINT (655381.8605000571 1512795.394799998),0.0
DM-02-13-05-02,POINT (656683.4446000592 1513557.429899999),0.0
DM-02-13-05-01,POINT (657265.860000059 1514052.171899998),50.0
DM-02-13-04-02,POINT (654816.4784000539 1512488.413999999),0.0
DM-02-13-04-01,POINT (655371.4049000575 1512819.486599998),0.0
DM-02-13-03-02,POINT (655355.8314000556 1514269.074999997),300.0
DM-02-13-03-01,POINT (656143.7377000584 1513262.348599999),0.0
DM-02-13-02-02,POINT (656020.5384000558 1515017.984999997),400.0
DM-02-13-02-01,POINT (656684.7096000594 1513572.323799998),0.0
DM-02-13-01-02,POINT (656688.883400059 1515733.705399997),0.0
DM-02-13-01-01,POINT (657251.0556000597 1514052.545099998),300.0
DM-02-12-03-03,POINT (657462.8199000591 1516223.701999998),
DM-02-12-03-01,POINT (657869.4665000601 1514871.672099998),300.0
DM-02-12-02-03,POINT (658724.6999000623 1516591.055699998),300.0
DM-02-12-02-02,POINT (658679.4915000622 1517091.740499998),250.0
DM-02-12-02-01,POINT (658713.5427000626 1517095.811699998),250.0
DM-02-12-01-04,POINT (657447.9146000608 1516252.070999998),0.0
DM-02-12-01-03,POINT (656680.8346000588 1515767.1082),400.0
DM-02-12-01-02,POINT (655994.9193000584 1515042.037599999),0.0
DM-02-12-01-01,POINT (655318.2173000567 1514303.182699997),400.0
DM-02-11-04-03,POINT (665724.1028000803 1500425.577499998),300.0
DM-02-10-07-02,POINT (665059.0979000764 1511328.207699997),
DM-02-08-04-03,POINT (655932.0310000586 1508048.743799997),0.0
DM-02-08-04-02,POINT (656476.0915000575 1511319.835099999),300.0
DM-02-08-04-01,POINT (655430.3249000575 1510654.160499998),300.0
DM-02-08-03-03,POINT (657437.3778000596 1509594.303899999),0.0
DM-02-08-03-02,POINT (657781.1582000612 1509728.031299999),
DM-02-08-02-02,POINT (656524.6980000574 1511348.619799997),300.0
DM-02-08-02-01,POINT (657139.20970006 1511730.358199998),300.0
DM-02-08-01-02,POINT (658373.588200061 1512508.418699998),300.0
DM-02-08-01-01,POINT (657812.5688000601 1512149.564499998),300.0
DM-02-04-04-02,POINT (654946.3992000542 1510441.377899999),0.0
DM-02-04-04-01,POINT (656449.508700057 1511387.568599998),300.0
DM-02-04-03-01,POINT (657807.406800061 1512239.437199998),300.0
DM-02-04-02-02,POINT (658365.9007000617 1512582.619399997),300.0
DM-02-04-02-01,POINT (659072.4864000633 1514859.382899997),300.0
DM-02-04-01-03,POINT (659082.0887000631 1514854.836899998),300.0
DM-02-04-01-02,POINT (659797.6473000639 1514520.300199998),300.0
DM-02-03-06-03,POINT (660724.9535000673 1515939.290399997),300.0
DM-02-03-06-01,POINT (659890.4601000652 1516618.962899997),300.0
DM-02-03-05-01,POINT (661147.8717000667 1517282.505599998),300.0
DM-02-03-04-01,POINT (661142.5757000702 1517358.769999998),400.0
DM-02-03-03-02,POINT (660285.8120000646 1517505.350599998),200.0
DM-02-03-03-01,POINT (660986.8523000677 1518019.972499997),300.0
DM-02-03-02-02,POINT (659979.9701000662 1517124.618799998),150.0
DM-02-03-02-01,POINT (659929.9544000651 1516835.585399997),400.0
DM-02-03-01-01,POINT (660320.5792000655 1517528.381999998),250.0
DM-02-02-08-01,POINT (660332.5788000673 1514529.031899997),200.0
DM-02-02-07-01,POINT (661096.1250000689 1515580.764599998),400.0
DM-02-02-06-03,POINT (660762.3493000675 1514809.183199998),250.0
DM-02-02-06-02,POINT (661437.3229000681 1515884.569299997),200.0
DM-02-02-06-01,POINT (662275.6954000707 1516350.135599999),200.0
DM-02-02-05-02,POINT (662738.8729000703 1516672.643499997),400.0
DM-02-02-05-01,POINT (663075.5513000725 1517090.121699997),300.0
DM-02-02-04-02,POINT (662265.3435000695 1516373.240099997),200.0
DM-02-02-04-01,POINT (661869.7801000683 1516175.726099998),300.0
DM-02-02-03-01,POINT (662572.2911000723 1517327.317699999),300.0
DM-02-02-02-01,POINT (661418.4170000678 1517327.4371),300.0
DM-02-02-01-02,POINT (660929.6578000666 1516350.402199998),400.0
DM-02-02-01-01,POINT (660966.655300067 1516447.807299998),400.0
DM-02-01-07-01,POINT (660969.2970000687 1518047.753799996),400.0
DM-02-01-04-02,POINT (662477.3427000712 1518233.159499998),300.0
DM-02-01-03-02,POINT (662351.9253000717 1518662.329099996),150.0
DM-02-01-03-01,POINT (662014.6597000719 1518776.465799998),300.0
DM-02-01-02-02,POINT (660890.7645000671 1519018.2397),300.0
DM-02-01-02-01,POINT (661381.5772000676 1518634.940099997),200.0
DM-02-01-01-02,POINT (660968.7455000685 1518993.275699996),200.0
DM-02-01-01-01,POINT (661688.8304000683 1518841.459499998),400.0
DM-01-09-10-01,POINT (658987.5631000634 1518050.363399997),300.0
DM-01-09-09-01,POINT (659745.2515000661 1518216.113299998),0.0
DM-01-09-08-01,POINT (659141.1083000626 1518779.356599997),300.0
DM-01-09-07-01,POINT (659519.4672000654 1518291.966099997),0.0
DM-01-09-06-01,POINT (660582.2451000661 1519264.500199998),0.0
DM-01-09-05-01,POINT (660097.2645000645 1518202.752099997),300.0
DM-01-09-03-01,POINT (659048.4260000642 1519508.964099996),400.0
DM-01-09-02-02,POINT (660275.0016000648 1519727.621299998),0.0
DM-01-09-02-01,POINT (660411.3112000665 1519512.778099998),300.0
DM-01-09-01-01,POINT (660497.2617000658 1519535.621699998),300.0
DM-01-08-04-02,POINT (646654.9793000424 1523566.364799999),400.0
DM-01-08-04-01,POINT (645001.8786000389 1523485.855900001),300.0
DM-01-08-03-01,POINT (644779.916200038 1523476.033199997),300.0
DM-01-08-02-02,POINT (644967.9658000392 1523572.2737),300.0
DM-01-08-02-01,POINT (644980.9968000395 1524674.962599998),400.0
DM-01-08-01-03,POINT (643770.4572000364 1526041.047599999),0.0
DM-01-08-01-02,POINT (644076.5846000389 1525221.484299998),200.0
DM-01-08-01-01,POINT (646627.238100042 1524770.653699999),300.0
DM-01-07-04-04,POINT (650816.4017000475 1521368.471399998),300.0
DM-01-07-04-03,POINT (650801.2353000476 1521846.748499998),300.0
DM-01-07-04-02,POINT (648105.9946000422 1524567.8362),300.0
DM-01-07-04-01,POINT (650786.3213000486 1522561.494599998),300.0
DM-01-07-03-03,POINT (650715.5341000485 1525488.274999998),300.0
DM-01-07-03-02,POINT (648066.6872000427 1524628.158999998),300.0
DM-01-07-02-02,POINT (650843.6254000473 1521845.059199998),300.0
DM-01-07-02-01,POINT (652072.2397000503 1522178.423299997),300.0
DM-01-07-01-01,POINT (652360.424700052 1525036.7803),300.0
DM-01-06-05-04,POINT (654311.1416000524 1520183.776999998),300.0
DM-01-06-05-03,POINT (654346.8932000534 1520187.277399997),300.0
DM-01-06-05-02,POINT (652066.6733000495 1521434.442999999),300.0
DM-01-06-05-01,POINT (656458.6461000587 1519711.752499997),300.0
DM-01-06-04-02,POINT (652147.0477000509 1522165.456599997),400.0
DM-01-06-04-01,POINT (656212.1633000575 1521576.8164),300.0
DM-01-06-03-02,POINT (654199.8155000523 1523758.357799998),300.0
DM-01-06-03-01,POINT (655945.862500058 1523779.333599999),300.0
DM-01-06-02-02,POINT (656718.3998000569 1525788.607299998),0.0
DM-01-06-02-01,POINT (654225.5091000537 1524086.429299998),300.0
DM-01-06-01-02,POINT (654162.4856000531 1524726.485499998),300.0
DM-01-06-01-01,POINT (653123.0144000506 1524124.247899998),300.0
DM-01-05-04-02,POINT (656516.058800058 1519704.010299996),300.0
DM-01-05-04-01,POINT (656365.3684000588 1520954.354399998),400.0
DM-01-05-03-03,POINT (657129.6403000605 1521670.303099997),150.0
DM-01-05-03-02,POINT (656267.8307000562 1521574.884399999),400.0
DM-01-05-03-01,POINT (656026.7255000583 1523779.464099996),300.0
DM-01-05-02-01,POINT (658343.1353000626 1524026.726599999),300.0
DM-01-05-01-02,POINT (658117.5153000611 1524570.790299998),300.0
DM-01-05-01-01,POINT (656775.5718000585 1525769.722899996),0.0
DM-01-04-07-01,POINT (659852.387300065 1522747.171799998),300.0
DM-01-04-06-02,POINT (659486.1272000636 1523899.008099996),0.0
DM-01-04-06-01,POINT (658526.487300063 1524660.812999996),300.0
DM-01-04-05-02,POINT (660543.0747000666 1523593.697499997),300.0
DM-01-04-05-01,POINT (661423.1652000678 1524438.994099998),300.0
DM-01-04-04-01,POINT (659196.8140000654 1524846.3274),300.0
DM-01-04-03-03,POINT (659196.3042000625 1524882.157699998),300.0
DM-01-04-03-02,POINT (661990.6459000699 1524702.968799999),300.0
DM-01-04-03-01,POINT (662500.7786000709 1525055.452099997),100.0
DM-01-04-02-01,POINT (662912.1554000701 1525632.372599997),100.0
DM-01-04-01-01,POINT (663443.5270000726 1526607.591699999),200.0
DM-01-03-06-03,POINT (659588.7534000629 1522392.596599998),300.0
DM-01-03-05-02,POINT (660561.2225000656 1523583.936199998),0.0
DM-01-03-05-01,POINT (660599.0819000648 1522711.675799997),300.0
DM-01-03-04-01,POINT (661134.0498000687 1524111.829999997),150.0
DM-01-03-03-01,POINT (662002.5610000689 1524680.311099999),300.0
DM-01-03-02-01,POINT (662938.365600073 1525613.405799998),300.0
DM-01-03-01-01,POINT (663463.944200072 1526596.596),300.0
DM-01-02-05-01,POINT (658974.2804000627 1519830.624499998),300.0
DM-01-02-04-01,POINT (658921.2874000615 1520380.003499998),200.0
DM-01-02-02-01,POINT (659142.4628000625 1521885.961999997),300.0
DM-01-02-01-02,POINT (658536.2675000635 1523250.567899999),200.0
DM-01-02-01-01,POINT (658551.6538000613 1523262.989699997),300.0
DM-01-01-06-02,POINT (660277.4440000651 1521225.495199999),200.0
DM-01-01-06-01,POINT (659841.5642000653 1520679.697599997),300.0
DM-01-01-05-01,POINT (658969.5455000625 1519829.998699998),0.0
DM-01-01-04-01,POINT (659800.1947000669 1520829.108299998),200.0
DM-01-01-03-02,POINT (660258.7756000668 1521235.778499998),300.0
DM-01-01-03-01,POINT (659780.1632000636 1521652.703199996),300.0
DM-01-01-02-02,POINT (659777.2593000643 1521297.798799998),300.0
DM-01-01-02-01,POINT (659228.262500064 1521952.992699999),150.0
DM-56-05-06-01,POINT (643025.9393000364 1538079.489599999),0.0
DM-56-05-03-01,POINT (652040.9388000488 1537074.273599999),
DM-56-05-01-02,POINT (648249.8278000425 1538205.0863),0.0
DM-56-04-03-01,POINT (656523.622600057 1526323.912399997),300.0
DM-56-03-05-01,POINT (649111.3609000456 1530897.608299998),200.0
DM-56-01-01-01,POINT (652541.2646000513 1532739.309499998),200.0
DM-55-09-01-02,POINT (685228.5853001404 1507759.733599996),0.0
DM-55-08-03-01,POINT (685858.1892001424 1510909.702099996),
DM-55-08-02-02,POINT (686089.3107001439 1511935.010099996),
DM-55-08-02-01,POINT (683704.9831001344 1508713.663099997),
DM-55-08-01-02,POINT (687200.0920001494 1514602.879799995),
DM-55-08-01-01,POINT (687163.2487001506 1514617.293699998),300.0
DM-55-07-07-01,POINT (685290.2292001406 1507725.349599998),
DM-55-07-04-02,POINT (685315.2775001418 1507815.040299997),300.0
DM-55-07-04-01,POINT (688250.2133001535 1506393.593499996),300.0
DM-55-07-03-01,POINT (690484.829900165 1505402.631399998),400.0
DM-55-07-02-01,POINT (690455.2732001643 1505331.806099997),400.0
DM-55-07-01-01,POINT (686850.1987001484 1506916.680599997),300.0
DM-55-06-07-01,POINT (702296.2237002247 1514234.338799995),
DM-55-06-06-02,POINT (705896.5832002485 1501449.999799996),150.0
DM-55-06-05-01,POINT (698406.7501002025 1503020.541699997),400.0
DM-55-06-04-02,POINT (696696.1766001942 1503377.105899998),400.0
DM-55-06-04-01,POINT (694508.0928001828 1503958.563899995),400.0
DM-55-06-03-02,POINT (705829.0087002472 1501397.872799995),300.0
DM-55-06-01-02,POINT (698374.4094002037 1502949.893199997),
DM-55-06-01-01,POINT (696670.7221001927 1503304.576599995),
DM-55-04-03-03,POINT (692468.6443001711 1518617.303299997),300.0
DM-55-04-03-01,POINT (692469.511600172 1518645.678699997),300.0
DM-55-03-01-01,POINT (684725.1895001385 1518808.451099997),300.0
DM-16-08-04-02,POINT (679504.0917001208 1536959.972099998),0.0
DM-16-08-04-01,POINT (678993.9809001163 1536039.662099997),300.0
DM-16-08-02-01,POINT (680175.3393001232 1531914.036199998),200.0
DM-16-08-01-01,POINT (680192.5349001227 1531894.136699997),300.0
DM-15-09-07-01,POINT (674680.1885001045 1542585.996799998),300.0
DM-15-09-06-01,POINT (673776.5727001079 1540909.048399997),300.0
DM-15-09-05-03,POINT (675557.328800105 1539912.011999999),300.0
DM-15-09-05-02,POINT (673960.5096001031 1541111.904899996),300.0
DM-15-09-05-01,POINT (674183.0551001015 1541545.485299997),0.0
DM-15-09-03-01,POINT (671618.6323000933 1535102.459799996),300.0
DM-15-09-02-02,POINT (670804.1173000925 1534326.921299997),0.0
DM-15-09-02-01,POINT (671067.3702000927 1535384.821099997),300.0
DM-15-05-09-01,POINT (669557.6035000875 1536105.740599998),
DM-15-04-05-01,POINT (667659.0101000837 1530527.025199998),0.0
DM-14-18-05-02,POINT (663857.720200075 1504496.743799999),0.0
DM-14-11-05-01,POINT (661758.3890000698 1502492.274599998),0.0
DM-06-06-12-01,POINT (668626.0505000846 1520544.343399996),
DM-06-06-11-02,POINT (669065.5653000876 1520737.469499998),
DM-06-06-11-01,POINT (669166.517000088 1521209.370599997),300.0
DM-06-06-10-02,POINT (668129.2592000839 1520627.590099997),200.0
DM-06-06-10-01,POINT (668135.1278000862 1520627.0566),
DM-03-06-13-02,POINT (670940.0974000933 1520136.099899997),300.0
DM-03-06-13-01,POINT (670932.0972000915 1520138.084799996),300.0
DM-03-06-12-01,POINT (671889.987300095 1519952.602599998),300.0
DM-03-06-10-01,POINT (672140.0571000982 1520494.479399998),300.0
DM-03-06-09-01,POINT (671341.3537000926 1520133.420799998),300.0
DM-03-06-08-02,POINT (669822.6845000887 1521240.419499997),0.0
DM-03-06-08-01,POINT (669139.0643000873 1520924.201699997),300.0
DM-03-06-07-01,POINT (671490.2298000924 1521049.952199998),300.0
DM-14-18-05-01,POINT (663332.878200075 1505393.456899999),300.0
DM-14-18-06-01,POINT (663317.0201000734 1505382.104999998),300.0
DM-14-18-04-01,POINT (663521.0742000729 1505848.680399998),300.0
DM-14-18-03-01,POINT (663331.0683000737 1506538.225899999),
DM-14-18-02-03,POINT (664390.1867000766 1507920.683399996),
DM-14-18-02-01,POINT (666079.3911000806 1506951.675399999),300.0
DM-14-18-01-02,POINT (664384.3561000747 1507926.691299998),300.0
DM-14-18-01-01,POINT (665095.817700077 1508436.648799998),300.0
DM-02-17-02-02,POINT (662687.8336000706 1507347.486799998),
DM-02-17-02-01,POINT (662317.5263000703 1508335.480199998),
DM-02-17-01-02,POINT (662740.3496000728 1507240.720399997),
DM-02-17-01-01,POINT (662331.5062000714 1508341.716299998),
DM-14-11-08-02,POINT (665178.4900000782 1501685.070299998),300.0
DM-14-11-09-01,POINT (665062.3238000779 1501915.582699997),300.0
DM-14-11-07-02,POINT (668143.3112000849 1500676.122499997),300.0
DM-14-11-03-01,POINT (669842.7124000879 1503317.028199998),300.0
DM-14-11-02-02,POINT (670413.2851000907 1501712.118199997),300.0
DM-02-10-05-01,POINT (663583.9560000738 1512649.673699997),
DM-14-07-07-01,POINT (663964.2658000754 1504301.198899999),300.0
DM-14-07-05-01,POINT (667272.5184000818 1505643.798699998),0.0
DM-14-07-04-01,POINT (666463.7904000815 1506530.032399998),300.0
DM-14-07-03-04,POINT (666756.4784000823 1503353.973999997),0.0
DM-14-07-03-02,POINT (668277.2392000847 1504517.677199999),300.0
DM-14-07-02-02,POINT (669278.4533000882 1503452.084999999),300.0
DM-14-07-02-01,POINT (668291.9719000863 1504552.010999997),300.0
DM-14-07-01-03,POINT (666100.0521000782 1506983.459599998),300.0
DM-14-07-01-01,POINT (666492.9993000836 1506549.892499997),300.0
DM-14-06-04-03,POINT (664717.6340000755 1509478.944099999),300.0
DM-14-06-04-02,POINT (664957.6043000766 1508913.891799998),300.0
DM-02-06-03-01,POINT (666585.2296000812 1511239.609499998),
DM-02-06-01-01,POINT (664288.8088000761 1510550.016799998),
DM-02-05-07-02,POINT (662443.5873000692 1512355.858399999),
DM-14-05-03-01,POINT (660967.8948000676 1513314.889499999),200.0
DM-56-07-05-01,POINT (645380.3307000378 1530358.810299998),300.0
DM-56-07-03-01,POINT (647306.1242000427 1530554.715799998),0.0
DM-56-07-02-01,POINT (652654.6375000505 1530862.004899997),300.0
DM-56-07-01-01,POINT (652533.7101000505 1527297.097399998),200.0
DM-56-06-04-01,POINT (659430.4991000645 1526543.431299997),300.0
DM-56-04-05-01,POINT (659260.9317000639 1526683.598299998),300.0
DM-56-04-01-01,POINT (652608.2044000502 1527288.508399999),300.0
DM-56-02-08-01,POINT (660726.0623000681 1529282.069599996),300.0
DM-56-02-05-01,POINT (658439.7000000612 1530081.062799996),300.0
DM-56-02-07-01,POINT (657576.3603000587 1530440.017299998),150.0
DM-56-02-04-01,POINT (657562.4004000602 1530461.133499997),
DM-56-02-02-01,POINT (656880.296600061 1534026.9594),300.0
DM-56-02-01-01,POINT (658384.2450000626 1533891.132799998),300.0
DM-56-01-05-01,POINT (652675.1059000506 1529198.942199997),200.0
DM-14-17-05-01,POINT (659926.4949000657 1509618.279499999),300.0
DM-11-10-73-04,POINT (646428.3509000407 1509943.912399999),
DM-11-10-73-03,POINT (647004.0314000419 1509296.261699999),
DM-11-10-73-02,POINT (647734.8911000439 1508741.551399998),
DM-11-10-73-01,POINT (648390.194100044 1508175.991499998),
DM-11-10-72-03,POINT (645658.4573000396 1511889.779199998),
DM-11-10-72-02,POINT (646134.4077000421 1511041.122999998),
DM-11-10-72-01,POINT (646123.1953000391 1511035.904699998),
DM-11-10-71-02,POINT (649474.2732000456 1509077.288399998),
DM-11-10-71-01,POINT (649776.8989000478 1510995.3888),
DM-11-10-69-02,POINT (649582.1847000449 1513004.965099999),
DM-11-10-69-01,POINT (649770.4328000449 1512024.528399998),
DM-11-10-68-04,POINT (646440.9369000413 1509945.509799998),
DM-11-10-68-03,POINT (647013.9178000406 1509308.6208),
DM-11-10-68-02,POINT (647740.3789000427 1508754.843799999),
DM-11-10-68-01,POINT (648405.508700044 1508189.5499),
DM-11-10-67-03,POINT (645679.0622000422 1511883.418199997),
DM-11-10-66-01,POINT (648329.609800045 1513902.265799999),
DM-11-10-65-02,POINT (646408.1635000397 1513197.9079),
DM-11-10-65-01,POINT (646404.4804000402 1513210.776199997),
DM-11-10-64-01,POINT (645150.8705000399 1513944.198699999),
DM-11-10-63-01,POINT (646305.8073000407 1515625.782599998),
DM-11-10-62-01,POINT (647562.655900042 1515738.146799999),
DM-11-10-61-01,POINT (645087.4846000387 1515523.9085),
DM-11-10-60-01,POINT (645411.659400039 1512820.0064),
DM-11-10-59-01,POINT (645138.17090004 1513941.243299998),
DM-11-10-58-02,POINT (644810.6278000389 1515540.456499998),
DM-11-10-58-01,POINT (644919.3629000396 1515061.1358),
DM-11-08-23-01,POINT (651547.2862000503 1516097.3979),
DM-11-08-22-01,POINT (650741.2951000476 1516030.591),
DM-11-08-21-01,POINT (649018.4311000453 1514837.563099998),
DM-11-08-20-01,POINT (649268.4359000444 1515890.383999999),300.0
DM-11-08-16-01,POINT (652234.9426000498 1514071.848399999),
DM-11-08-13-02,POINT (649783.9140000462 1512034.640099998),
DM-11-08-08-03,POINT (650213.6147000463 1509640.989799998),
DM-11-08-07-02,POINT (649489.0925000467 1509054.606599997),
DM-11-07-57-02,POINT (650903.7258000472 1517041.227699998),
DM-11-07-57-01,POINT (650368.4699000494 1516029.193699998),
DM-11-07-56-01,POINT (649253.807000045 1515929.543299997),
DM-11-07-55-01,POINT (649011.8840000448 1515912.690499998),
DM-11-07-54-02,POINT (650868.6140000487 1518857.332499997),
DM-11-07-54-01,POINT (650893.8435000471 1517597.960299999),
DM-11-07-53-04,POINT (647881.8811000424 1517233.134899998),
DM-11-07-53-01,POINT (647889.7564000447 1517232.355399997),
DM-11-07-52-01,POINT (648487.8074000439 1515866.472199998),
DM-11-07-51-01,POINT (646301.0305000407 1515671.167199999),
DM-11-07-50-01,POINT (645401.2918000399 1515592.915299999),
DM-11-07-48-01,POINT (647459.2067000432 1518024.183399998),
DM-11-07-47-01,POINT (650845.3664000472 1520059.216399997),
DM-11-06-25-01,POINT (652097.1391000495 1511613.657400001),
DM-11-06-24-02,POINT (652470.3870000513 1516182.526199998),
DM-11-06-24-01,POINT (653386.3983000526 1516266.211999999),
DM-11-06-19-02,POINT (654061.7476000534 1513798.873599998),
DM-11-06-19-01,POINT (653702.0606000538 1515350.775299997),
DM-11-06-18-02,POINT (654074.8768000528 1513806.4689),
DM-11-06-18-01,POINT (653716.3174000536 1515365.886199998),
DM-11-06-17-01,POINT (654116.6434000533 1512613.767199998),
DM-11-06-15-01,POINT (652246.1940000507 1514062.118699999),
DM-11-06-11-01,POINT (653652.2365000524 1513228.5439),
DM-11-06-10-01,POINT (654045.6190000552 1512058.127299998),
DM-11-05-31-01,POINT (652047.7679000502 1517974.434899998),
DM-11-05-30-02,POINT (651968.3283000523 1519043.385599999),
DM-11-05-30-01,POINT (651960.0862000487 1520188.745099999),
DM-11-05-29-01,POINT (653383.7410000552 1516297.288799997),
DM-11-05-28-02,POINT (652464.5293000494 1516211.581599996),
DM-11-05-28-01,POINT (652049.5299000511 1516833.770199997),
DM-11-05-27-03,POINT (650947.0817000479 1517028.279399999),
DM-11-05-27-02,POINT (650954.3395000491 1516510.318099997),
DM-11-05-27-01,POINT (651973.5878000502 1517984.051),
DM-11-05-26-01,POINT (652033.4691000505 1520193.064299998),
DM-11-03-44-01,POINT (656835.7440000589 1518566.116099998),
DM-11-03-43-02,POINT (655026.1089000563 1519129.826399999),
DM-11-03-43-01,POINT (655024.529000055 1519116.414699997),
DM-11-03-42-02,POINT (657794.0161000614 1519495.400699997),
DM-11-03-42-01,POINT (656882.6597000585 1519235.047799999),
DM-11-03-39-01,POINT (656471.6331000578 1516804.034899997),
DM-11-03-34-02,POINT (654422.6032000552 1518128.766399999),
DM-11-03-34-01,POINT (655249.1983000581 1517731.164999998),
DM-11-03-33-02,POINT (655017.131500056 1516439.990599997),
DM-11-03-33-01,POINT (655777.0033000577 1516566.066699999),
DM-11-03-32-01,POINT (654520.6544000551 1516396.840299999),
DM-11-03-05-01,POINT (658013.8267000609 1517503.8573),
DM-14-11-04-01,POINT (665658.2910000801 1502041.691299997),0.0
DM-02-11-04-02,POINT (665826.9253000804 1499950.800799997),
DM-14-06-05-01,POINT (666599.1785000802 1511226.765299997),300.0
DM-01-01-01-01,POINT (659270.2969000652 1522004.184299998),
DM-15-08-03-01,POINT (671307.4920000931 1541728.903399999),300.0
DM-01-03-06-01,POINT (660490.7729000688 1522448.959199999),0.0
DM-01-06-02-04,POINT (654641.8210000574 1525689.828799999),0.0
DM-02-01-04-01,POINT (661810.9153000686 1518826.910999999),300.0
DM-02-01-04-04,POINT (663037.3408000718 1518408.862099996),150.0
DM-02-01-04-05,POINT (663049.5438000741 1518395.791499999),150.0
DM-02-16-02-02,POINT (658897.9366000625 1516445.727499997),0.0
DM-02-16-02-01,POINT (658915.2140000627 1516511.839299998),300.0
DM-03-06-04-02,POINT (670123.4531000885 1523551.926699996),300.0
DM-05-02-06-02,POINT (665119.1089000774 1515774.376499998),0.0
DM-06-02-07-02,POINT (663730.2488000761 1519215.909499996),400.0
DM-06-02-07-01,POINT (663442.6757000737 1519394.680699998),300.0
DM-06-03-06-01,POINT (663178.6331000727 1520918.430199996),200.0
DM-03-06-11-01,POINT (669242.5376000891 1521315.789699999),300.0
DM-07-05-10-01,POINT (672324.6985000956 1516592.298399997),300.0
DM-07-05-01-01,POINT (667735.7276000828 1519786.925399997),300.0
DM-07-07-06-03,POINT (683456.6313001321 1521940.498399998),300.0
DM-12-05-01-01,POINT (678995.9525001161 1530849.985699996),300.0
DM-13-01-02-01,POINT (673548.999500101 1514923.482199998),0.0
DM-13-02-04-01,POINT (673411.6518001001 1512234.794599997),0.0
DM-13-02-04-02,POINT (673396.8750000988 1512214.355999999),0.0
DM-13-03-05-01,POINT (684263.2678001358 1517589.600399999),300.0
DM-14-10-05-02,POINT (663236.1826000733 1512849.428099997),300.0
DM-14-10-05-01,POINT (663564.2076000732 1512684.616399999),300.0
DM-02-10-07-01,POINT (664349.8272000762 1511553.969799997),
DM-14-11-06-01,POINT (670298.6943000907 1501010.598799998),300.0
DM-14-18-02-04,POINT (664521.2336000769 1506843.849799997),300.0
DM-02-18-02-02,POINT (664505.5191000762 1506932.753499998),
DM-15-01-07-01,POINT (667554.278000084 1529466.609799997),300.0
DM-15-04-03-01,POINT (667966.3277000843 1531834.823499997),300.0
DM-16-06-01-01,POINT (677841.1221001135 1531522.517699995),300.0
DM-17-01-03-01,POINT (673798.8670001011 1503616.413299996),0.0
DM-17-01-04-01,POINT (673481.0516001005 1501604.112899997),300.0
DM-17-03-06-02,POINT (668966.9883000869 1506880.332499998),300.0
DM-17-03-07-01,POINT (671900.1265000955 1507419.6248),400.0
DM-17-05-04-01,POINT (674128.6403001049 1508161.842899999),300.0
DM-17-06-08-01,POINT (673819.3455000996 1503638.397799998),0.0
DM-17-07-05-01,POINT (677056.506300112 1501143.759799997),300.0
DM-17-07-06-01,POINT (677059.6501001117 1501171.456499998),0.0
DM-53-01-01-01,POINT (686109.6713001443 1535040.413299997),300.0
DM-53-01-05-01,POINT (686049.0784001427 1532104.170699997),150.0
DM-53-05-01-04,POINT (692691.9549001734 1530556.384599997),0.0
DM-53-05-03-02,POINT (695581.0114001879 1532099.488199995),300.0
DM-55-05-02-01,POINT (693621.1266001791 1519642.608899994),0.0
DM-55-05-02-02,POINT (696118.0049001903 1523433.484399996),0.0
DM-02-08-03-01,POINT (656898.060188491 1506888.410066484),0.0
DM-56-07-04-01,POINT (649977.7943575195 1529293.89571235),0.0
DM-56-03-03-01,POINT (652478.1574162042 1532527.767078432),0.0
DM-56-03-04-01,POINT (652439.9978554869 1532773.758989695),0.0
DM-56-03-06-02,POINT (652333.6627397006 1533954.741395173),0.0
DM-56-05-04-01,POINT (649573.8260418768 1538104.330637876),300.0
DM-56-05-05-01,POINT (646197.703043855 1538057.587957705),
DM-56-01-03-02,POINT (656642.1541449232 1532246.741847709),0.0
DM-56-02-02-02,POINT (656846.2306803805 1532644.672844273),0.0
DM-56-02-03-01,POINT (657204.4343879113 1531087.396408731),0.0
DM-56-02-05-02,POINT (659090.7853630764 1531038.508111681),0.0
DM-56-02-06-01,POINT (659848.0158119446 1531772.765511735),0.0
DM-56-02-09-01,POINT (659562.2545011108 1528998.454506917),
