,BANGPLEE,LADKRABUNG,MAHASAWAT,MINBURI,PETKASEM,RATBURANA,SUMRONG,BK03,KLONGTAEY,PAHONYOTHIN,THAPRA,TONBURI,LADPRAW,LUMPINEE,BK04,SAMSEN
0,DM-13-06-05-01,DM-07-06-01-01,DM-01-04-03-03,DM-07-07-02-01,DM-01-08-02-02,DM-02-02-06-03,DM-13-01-04-04,DM-04-03-01-01,DM-03-06-11-01,DM-03-01-04-01,DM-01-01-05-01,DM-01-01-01-01,DM-03-01-08-01,DM-05-01-02-01,DM-03-01-02-01,DM-05-01-01-01
1,DM-13-06-05-02,DM-07-06-03-01,DM-01-04-04-01,DM-07-07-03-01,DM-01-08-03-01,DM-02-04-01-02,DM-13-02-04-01,DM-04-03-01-02,DM-06-06-10-01,DM-03-01-05-01,DM-01-02-05-01,DM-01-01-02-01,DM-03-01-09-01,DM-05-01-03-01,DM-03-01-02-02,DM-05-01-01-02
2,DM-13-06-05-03,DM-07-06-03-02,DM-01-04-05-01,DM-07-07-04-01,DM-01-08-04-01,DM-02-04-01-03,DM-13-02-04-02,DM-04-03-02-01,DM-06-06-10-02,DM-03-01-05-02,DM-01-05-04-02,DM-01-01-02-02,DM-03-02-07-01,DM-05-01-03-03,DM-03-01-02-03,DM-05-01-01-03
3,DM-13-07-05-03,DM-07-06-03-03,DM-01-04-06-01,DM-07-07-04-02,DM-01-08-04-02,DM-02-04-02-01,DM-13-02-04-03,DM-04-03-03-01,DM-06-06-12-01,DM-03-01-06-02,DM-01-06-05-01,DM-01-01-03-01,DM-03-02-08-01,DM-05-01-04-02,DM-03-02-02-01,DM-05-01-04-01
4,DM-17-01-10-01,DM-07-06-03-04,DM-01-05-01-01,DM-07-07-04-03,DM-11-05-02-02,DM-02-04-02-02,DM-13-02-04-05,DM-04-03-04-01,DM-07-01-01-01,DM-03-01-07-01,DM-01-09-03-01,DM-01-01-03-02,DM-03-02-09-01,DM-05-01-05-01,DM-03-02-03-01,DM-06-01-01-01
5,DM-17-01-10-02,DM-07-06-04-01,DM-01-05-01-02,DM-07-07-05-01,DM-11-05-05-01,DM-02-04-03-01,DM-13-02-06-01,DM-04-03-05-01,DM-07-01-01-02,DM-03-03-01-01,DM-01-09-05-01,DM-01-01-03-03,DM-03-04-03-01,DM-05-01-05-02,DM-03-02-04-01,DM-06-01-02-01
6,DM-17-01-11-01,DM-07-06-04-03,DM-01-05-03-01,DM-07-07-05-02,DM-11-05-05-02,DM-02-04-04-01,DM-13-02-06-02,DM-04-03-06-01,DM-07-01-02-01,DM-03-03-01-02,DM-01-09-07-01,DM-01-01-04-01,DM-03-04-04-01,DM-05-01-06-01,DM-03-02-05-01,DM-06-01-02-02
7,DM-17-01-11-02,DM-07-06-05-02,DM-01-05-03-02,DM-07-07-06-01,DM-11-05-06-01,DM-02-04-04-02,DM-13-02-07-02,DM-04-03-07-01,DM-07-01-02-02,DM-03-03-02-01,DM-01-09-08-01,DM-01-01-06-01,DM-03-04-04-02,DM-05-01-07-01,DM-03-02-06-01,DM-06-01-03-01
8,DM-17-01-11-03,DM-07-06-07-01,DM-01-05-04-01,DM-07-07-06-02,DM-11-05-06-02,DM-02-04-05-01,DM-13-02-08-01,DM-04-03-10-01,DM-07-01-03-01,DM-03-03-02-02,DM-01-09-09-01,DM-01-01-06-02,DM-03-04-07-01,DM-05-01-08-01,DM-12-01-01-01,DM-06-01-03-02
9,DM-17-01-11-04,DM-07-06-11-01,DM-01-06-01-01,DM-07-07-07-01,DM-11-05-06-03,DM-02-04-05-02,DM-13-04-01-01,DM-04-03-11-01,DM-07-01-04-01,DM-03-03-03-01,DM-01-09-10-01,DM-01-02-01-01,DM-03-04-08-01,DM-05-01-08-02,DM-12-01-01-02,DM-06-01-03-03
10,DM-17-02-01-01,DM-07-07-01-01,DM-01-06-01-02,DM-07-07-07-02,DM-11-05-27-01,DM-02-04-06-01,DM-13-04-01-02,DM-04-05-01-01,DM-07-01-04-02,DM-03-03-04-01,DM-02-01-01-01,DM-01-02-01-02,DM-03-05-02-01,DM-05-01-09-02,DM-12-01-02-01,DM-06-01-04-01
11,DM-17-02-02-01,DM-07-07-02-04,DM-01-06-02-01,DM-07-07-09-01,DM-11-05-27-02,DM-02-08-01-01,DM-13-04-01-03,DM-04-05-02-01,DM-07-01-04-04,DM-03-03-05-01,DM-02-01-01-02,DM-01-02-02-02,DM-03-05-06-01,DM-05-02-01-01,DM-12-01-02-02,DM-06-01-04-02
12,DM-17-04-01-01,DM-07-07-06-03,DM-01-06-02-02,DM-07-07-10-01,DM-11-05-27-03,DM-02-08-01-02,DM-13-04-01-04,DM-04-05-03-01,DM-07-01-05-03,DM-03-03-07-01,DM-02-01-02-01,DM-01-02-03-02,DM-03-05-09-01,DM-05-02-01-02,DM-12-01-03-02,DM-06-01-04-03
13,DM-17-04-03-01,DM-07-07-07-03,DM-01-06-02-04,DM-07-07-11-01,DM-11-05-28-01,DM-02-08-02-01,DM-13-04-02-01,DM-04-05-04-01,DM-07-01-05-04,DM-03-03-07-02,DM-02-01-02-02,DM-01-02-04-02,DM-03-05-10-01,DM-05-02-02-01,DM-12-01-04-01,DM-06-01-05-01
14,DM-17-04-03-02,DM-13-03-03-01,DM-01-06-02-05,DM-12-06-09-01,DM-11-05-30-02,DM-02-08-02-02,DM-13-04-03-01,DM-04-05-05-01,DM-07-01-06-01,DM-03-03-08-01,DM-02-01-03-01,DM-01-03-02-01,DM-03-05-11-01,DM-05-02-02-02,DM-12-01-04-02,DM-06-01-05-03
15,DM-17-04-04-01,DM-13-03-03-02,DM-01-06-03-01,DM-12-07-02-02,DM-11-05-31-01,DM-02-08-03-01,DM-13-04-04-01,DM-04-05-06-01,DM-07-01-06-02,DM-03-03-09-01,DM-02-01-03-02,DM-01-03-03-01,DM-03-05-12-02,DM-05-02-02-03,DM-12-01-05-01,DM-06-01-05-04
16,DM-17-04-05-01,DM-13-03-04-01,DM-01-06-03-02,DM-12-07-02-03,DM-11-06-04-01,DM-02-08-04-01,DM-13-04-04-02,DM-04-05-07-01,DM-07-01-06-04,DM-03-03-10-01,DM-02-01-03-03,DM-01-03-04-01,DM-03-06-01-01,DM-05-02-03-01,DM-12-01-05-02,DM-06-01-06-01
17,DM-17-04-05-02,DM-13-03-04-02,DM-01-06-04-01,DM-12-07-04-01,DM-11-06-08-01,DM-02-08-04-02,DM-13-04-05-01,DM-04-05-08-01,DM-07-01-07-01,DM-03-03-11-01,DM-02-01-04-02,DM-01-03-05-01,DM-03-06-01-02,DM-05-02-04-02,DM-12-01-05-03,DM-06-01-06-02
18,DM-17-05-01-01,DM-13-03-04-03,DM-01-06-04-02,DM-12-07-04-02,DM-11-06-09-01,DM-02-08-04-03,DM-13-04-05-02,DM-04-05-09-01,DM-07-01-07-02,DM-03-03-11-02,DM-02-01-04-03,DM-01-03-06-01,DM-03-06-02-02,DM-05-02-05-01,DM-12-01-06-01,DM-06-02-01-01
19,DM-17-05-02-01,DM-13-03-05-01,DM-01-06-05-02,DM-12-07-05-01,DM-11-06-09-04,DM-02-12-03-01,DM-13-04-06-01,DM-04-05-10-01,DM-07-01-08-02,DM-03-03-12-01,DM-02-01-04-04,DM-01-03-06-03,DM-03-06-03-01,DM-05-02-06-01,DM-12-01-07-01,DM-06-02-01-02
20,DM-17-05-03-01,DM-13-03-05-02,DM-01-06-05-03,DM-12-07-06-01,DM-11-06-10-01,DM-02-14-03-01,DM-13-04-06-02,DM-04-05-11-01,DM-07-01-09-01,DM-03-04-01-01,DM-02-01-04-05,DM-01-04-02-01,DM-03-06-03-02,DM-05-02-06-02,DM-12-01-08-01,DM-06-02-02-01
21,DM-17-05-04-01,DM-13-03-06-01,DM-01-06-05-04,DM-12-07-07-01,DM-11-06-15-01,DM-02-14-03-02,DM-13-04-06-03,DM-04-05-12-01,DM-07-01-09-02,DM-03-04-02-01,DM-02-01-07-01,DM-01-04-03-01,DM-03-06-03-03,DM-05-02-07-01,DM-12-02-01-01,DM-06-02-03-01
22,DM-17-05-05-01,DM-13-03-06-02,DM-01-07-01-01,DM-12-07-08-01,DM-11-06-24-02,DM-02-14-03-03,DM-13-04-07-01,DM-04-05-13-01,DM-07-01-09-03,DM-03-04-05-01,DM-02-02-01-01,DM-01-04-03-02,DM-03-06-04-01,DM-05-02-08-01,DM-12-02-02-01,DM-06-02-03-02
23,DM-17-05-05-02,DM-13-03-06-03,DM-01-07-02-01,DM-16-08-01-01,DM-11-06-25-01,DM-02-14-04-01,DM-13-04-07-02,DM-04-05-14-01,DM-07-01-09-05,DM-03-04-06-01,DM-02-02-01-02,DM-01-04-06-02,DM-03-06-04-02,DM-05-03-01-01,DM-12-02-03-01,DM-06-02-03-03
24,DM-17-05-06-01,DM-13-03-07-01,DM-01-07-02-02,DM-16-08-02-01,DM-11-07-03-01,DM-02-14-04-02,DM-13-05-03-01,DM-04-06-01-01,DM-07-01-09-06,DM-03-05-01-01,DM-02-02-02-01,DM-01-04-07-01,DM-03-06-05-01,DM-05-03-01-02,DM-12-02-04-01,DM-06-02-04-01
25,DM-17-07-01-01,DM-13-03-07-02,DM-01-07-03-01,DM-16-08-02-02,DM-11-07-04-02,DM-02-14-04-03,DM-13-05-05-01,DM-04-06-02-01,DM-07-01-10-01,DM-03-05-03-01,DM-02-02-03-01,DM-01-05-02-01,DM-03-06-05-02,DM-05-03-02-01,DM-12-02-05-01,DM-06-02-04-02
26,DM-17-07-02-01,DM-13-03-07-03,DM-01-07-03-02,DM-16-08-03-01,DM-11-07-04-03,DM-02-14-05-01,DM-13-05-06-01,DM-04-06-03-01,DM-07-01-11-01,DM-03-05-04-01,DM-02-02-04-01,DM-01-05-03-03,DM-03-06-06-01,DM-05-03-02-02,DM-12-02-06-01,DM-06-02-05-01
27,DM-17-07-05-01,DM-13-05-01-02,DM-01-07-03-03,DM-53-01-01-01,DM-11-07-04-04,DM-02-14-05-02,DM-13-05-06-02,DM-04-06-04-01,DM-07-01-11-03,DM-03-05-05-01,DM-02-02-04-02,DM-01-09-01-01,DM-03-06-06-02,DM-05-03-02-03,DM-12-02-07-01,DM-06-02-05-02
28,DM-17-07-06-01,DM-13-05-02-01,DM-01-07-03-04,DM-53-01-01-02,DM-11-07-04-05,DM-02-14-05-03,DM-13-05-07-01,DM-04-06-05-01,DM-07-04-03-01,DM-03-05-07-01,DM-02-02-05-01,DM-01-09-02-01,DM-03-06-07-01,DM-05-03-03-01,DM-12-05-01-01,DM-06-02-06-01
29,DM-17-07-06-02,DM-13-05-02-02,DM-01-07-04-01,DM-53-01-01-04,DM-11-07-05-01,DM-02-14-06-01,DM-13-05-07-02,DM-04-06-06-01,DM-07-04-08-01,DM-03-05-08-01,DM-02-02-05-02,DM-01-09-02-02,DM-03-06-08-01,DM-05-03-03-03,DM-12-05-02-01,DM-06-02-06-02
30,DM-17-07-07-02,DM-13-05-04-01,DM-01-07-04-02,DM-53-01-02-01,DM-11-07-06-01,DM-02-14-06-02,DM-13-06-01-01,DM-04-06-07-01,DM-07-04-10-01,DM-03-05-09-02,DM-02-02-06-01,DM-01-09-06-01,DM-03-06-08-02,DM-05-03-04-01,DM-12-05-03-01,DM-06-02-07-01
31,DM-17-07-08-01,DM-13-05-04-03,DM-01-07-04-03,DM-53-01-02-02,DM-11-07-06-02,DM-02-14-07-01,DM-13-06-01-02,DM-04-06-08-01,DM-07-04-11-03,DM-03-05-12-01,DM-02-02-06-02,,DM-03-06-09-01,DM-05-03-04-02,DM-12-05-04-01,DM-06-02-07-02
32,DM-17-07-08-02,DM-13-05-04-04,DM-01-07-04-04,DM-53-01-03-01,DM-11-07-07-01,DM-02-14-07-02,DM-13-06-04-01,DM-04-06-09-01,DM-07-04-12-01,,DM-02-02-07-01,,DM-03-06-10-01,DM-05-03-04-03,DM-12-05-05-01,DM-06-02-07-03
33,DM-17-07-09-01,DM-13-05-08-01,DM-01-07-04-05,DM-53-01-04-01,DM-11-07-08-01,DM-02-14-07-03,DM-13-06-04-02,DM-04-06-10-01,DM-07-04-13-01,,DM-02-02-07-03,,DM-03-06-12-01,DM-05-03-05-01,DM-12-05-05-02,DM-06-03-01-01
34,DM-17-07-09-02,DM-13-05-08-02,DM-01-07-04-06,DM-53-01-04-02,DM-11-07-09-01,DM-02-14-07-04,DM-13-06-04-03,DM-04-06-11-01,DM-07-04-13-02,,DM-02-02-08-01,,DM-03-06-13-01,DM-05-03-05-02,DM-12-05-06-02,DM-06-03-02-01
35,DM-17-07-09-03,DM-13-05-08-03,DM-01-08-01-01,DM-53-01-05-01,DM-11-07-10-01,DM-02-14-08-01,DM-13-07-01-01,DM-04-06-12-01,DM-07-04-14-01,,DM-02-03-01-01,,DM-03-06-13-02,DM-05-03-06-01,DM-12-05-08-01,DM-06-03-02-02
36,DM-17-07-09-04,DM-13-05-09-01,DM-01-08-01-02,DM-53-01-05-02,DM-11-07-11-01,DM-02-14-09-01,DM-13-07-01-02,DM-04-06-13-01,DM-07-04-15-01,,DM-02-03-02-01,,DM-06-06-11-01,DM-05-03-06-02,DM-12-05-08-02,DM-06-03-03-01
37,DM-17-07-10-01,DM-13-05-09-02,DM-01-08-01-03,DM-53-01-05-03,DM-11-07-47-01,DM-02-16-04-01,DM-13-07-01-03,DM-04-06-14-01,DM-07-04-16-01,,DM-02-03-02-02,,DM-06-06-11-02,DM-05-04-01-01,DM-12-05-10-01,DM-06-03-03-02
38,DM-17-07-10-02,DM-13-05-10-01,DM-01-08-02-01,DM-53-01-05-04,DM-11-07-47-02,DM-02-16-06-01,DM-13-07-02-01,DM-04-08-01-01,DM-07-04-16-02,,DM-02-03-03-01,,DM-07-01-05-02,DM-05-04-02-01,DM-12-06-01-01,DM-06-03-03-03
39,DM-17-07-10-03,DM-13-05-11-01,DM-11-03-09-01,DM-53-01-05-05,DM-11-07-50-01,DM-02-16-06-02,DM-13-07-03-01,DM-04-08-01-02,DM-07-04-16-04,,DM-02-03-03-02,,DM-07-04-01-01,DM-05-04-02-02,DM-12-06-01-02,DM-06-03-04-01
40,DM-17-08-01-02,DM-13-05-12-01,DM-11-03-09-02,DM-53-01-06-01,DM-11-07-51-01,DM-02-16-07-01,DM-13-07-03-02,DM-04-08-02-01,DM-07-04-16-05,,DM-02-03-04-01,,DM-07-04-02-01,DM-05-04-03-01,DM-12-06-02-01,DM-06-03-04-02
41,DM-17-08-02-01,DM-13-06-02-01,DM-11-03-32-01,DM-53-01-06-02,DM-11-07-52-01,DM-02-16-07-02,DM-13-07-04-01,DM-04-08-03-01,DM-07-04-18-01,,DM-02-03-05-01,,DM-07-04-02-02,DM-05-04-03-02,DM-12-06-02-02,DM-06-03-05-01
42,DM-17-08-02-02,DM-13-06-02-02,DM-11-03-34-02,DM-53-02-01-01,DM-11-07-53-05,DM-02-16-08-01,DM-13-07-04-02,DM-04-08-04-01,DM-07-05-01-01,,DM-02-03-06-01,,DM-07-04-03-02,DM-05-04-04-01,DM-12-07-01-01,DM-06-03-06-02
43,DM-17-08-02-03,DM-13-06-02-03,DM-11-05-01-01,DM-53-02-02-01,DM-11-07-54-01,DM-02-16-08-02,DM-13-07-04-03,DM-04-08-05-01,DM-07-05-02-01,,DM-02-03-06-02,,DM-07-04-03-03,DM-05-04-05-01,DM-12-07-03-01,DM-06-03-07-01
44,DM-17-08-03-01,DM-55-02-03-01,DM-11-05-04-01,DM-53-02-03-03,DM-11-07-54-02,DM-11-06-09-02,DM-13-07-05-01,DM-04-08-06-01,DM-07-05-02-02,,DM-02-03-06-03,,DM-07-04-04-01,DM-05-04-06-01,DM-12-07-03-02,DM-06-03-08-01
45,DM-17-08-03-02,DM-55-03-01-01,DM-11-05-26-01,DM-53-02-04-01,DM-11-07-55-01,DM-11-06-09-03,DM-13-07-05-02,DM-04-08-06-02,DM-07-05-03-01,,DM-02-12-01-01,,DM-07-04-04-02,DM-05-04-06-02,DM-12-07-03-03,DM-06-03-08-03
46,DM-17-08-04-01,DM-55-03-01-02,DM-11-05-29-01,DM-53-02-04-02,DM-11-07-56-01,DM-14-05-01-02,DM-13-07-06-01,DM-04-08-06-03,DM-07-05-04-01,,DM-02-12-01-02,,DM-07-04-05-01,DM-05-04-06-03,DM-15-06-03-01,DM-06-04-01-01
47,DM-17-08-04-02,DM-55-03-02-01,DM-11-05-30-01,DM-53-02-04-03,DM-11-07-57-01,DM-14-05-02-01,DM-13-07-06-02,DM-04-08-07-01,DM-07-05-04-02,,DM-02-12-01-03,,DM-07-04-06-01,DM-05-04-06-04,DM-15-07-01-01,DM-06-04-01-02
48,DM-17-08-04-03,DM-55-03-03-01,DM-11-06-02-02,DM-53-02-05-01,DM-11-07-57-02,DM-14-05-03-01,DM-13-07-06-03,DM-04-08-08-01,DM-07-05-04-03,,DM-02-12-01-04,,DM-07-04-07-01,DM-05-04-07-01,DM-15-07-01-02,DM-06-04-01-03
49,DM-17-08-04-04,DM-55-03-04-01,DM-11-06-03-01,DM-53-02-05-02,DM-11-08-01-01,DM-14-05-05-01,DM-13-07-07-01,DM-04-08-09-01,DM-07-05-06-02,,DM-02-12-02-01,,DM-07-04-09-01,DM-05-04-07-02,DM-15-07-04-01,DM-06-04-01-04
50,DM-17-08-04-05,DM-55-04-01-01,DM-11-06-18-01,DM-53-02-06-01,DM-11-08-02-01,DM-14-05-06-01,DM-13-07-07-02,DM-04-08-10-01,DM-07-05-07-01,,DM-02-12-02-02,,DM-07-04-11-01,DM-05-04-08-01,DM-15-07-05-01,DM-06-04-02-01
51,DM-17-09-01-01,DM-55-04-01-03,DM-11-06-18-02,DM-53-02-06-02,DM-11-08-03-01,DM-14-05-06-02,DM-13-07-07-04,DM-04-09-01-01,DM-07-05-08-01,,DM-02-12-02-03,,DM-07-04-19-01,DM-05-04-08-02,DM-15-08-01-01,DM-06-04-02-03
52,DM-17-09-01-02,DM-55-04-01-04,DM-11-06-24-01,DM-53-03-01-01,DM-11-08-05-01,DM-14-05-07-01,DM-13-07-07-05,DM-04-09-02-01,DM-07-05-09-01,,DM-02-12-03-02,,DM-07-04-20-01,DM-05-04-09-01,DM-15-08-06-01,DM-06-04-04-02
53,DM-17-09-02-02,DM-55-04-02-01,DM-54-01-05-01,DM-53-03-01-02,DM-11-08-07-01,DM-14-06-01-01,DM-13-07-07-06,DM-04-09-03-01,DM-07-05-09-02,,DM-02-13-01-01,,DM-07-04-21-01,DM-05-04-10-01,DM-15-08-06-03,DM-06-04-04-03
54,DM-17-09-03-01,DM-55-04-02-04,DM-54-01-05-02,DM-53-03-01-03,DM-11-08-08-02,DM-14-06-01-02,DM-14-07-02-01,DM-04-09-04-01,DM-07-05-10-01,,DM-02-13-01-02,,DM-07-04-22-01,DM-05-04-10-02,DM-15-09-02-01,DM-06-04-04-04
55,DM-17-09-04-01,DM-55-04-02-05,DM-54-01-06-01,DM-53-03-02-01,DM-11-08-09-02,DM-14-06-02-02,DM-14-07-02-02,DM-04-09-05-01,DM-07-05-10-02,,DM-02-13-02-01,,DM-07-04-22-02,DM-05-04-10-03,DM-15-09-02-02,DM-06-04-05-01
56,DM-17-09-05-01,DM-55-04-03-01,DM-54-02-03-01,DM-53-03-03-01,DM-11-08-09-03,DM-14-06-03-01,DM-14-07-03-01,DM-04-09-06-01,DM-07-05-10-03,,DM-02-13-02-02,,DM-07-04-23-01,DM-05-04-10-04,DM-15-09-03-01,DM-06-04-05-02
57,DM-17-09-06-01,DM-55-04-03-03,DM-54-02-04-01,DM-53-03-03-02,DM-11-08-10-02,DM-14-06-04-01,DM-14-07-03-02,DM-04-09-07-01,DM-07-05-11-01,,DM-02-13-03-01,,DM-07-07-02-03,DM-05-04-11-01,DM-15-09-04-01,DM-06-04-05-03
58,DM-17-09-07-01,DM-55-04-03-04,DM-54-02-04-02,DM-53-03-04-01,DM-11-08-13-02,DM-14-06-04-02,DM-14-07-03-03,DM-04-09-08-01,DM-07-05-11-02,,DM-02-13-03-02,,DM-07-07-08-01,DM-05-05-01-01,DM-15-09-05-01,DM-06-04-05-04
59,DM-17-09-07-02,DM-55-04-03-05,DM-54-02-04-03,DM-53-03-04-02,DM-11-08-16-01,DM-14-06-04-03,DM-14-07-03-04,DM-04-09-09-01,DM-07-05-11-03,,DM-02-13-03-03,,DM-12-02-06-02,DM-05-05-02-01,DM-15-09-05-02,DM-06-05-01-01
60,DM-17-09-07-03,DM-55-04-04-01,DM-54-02-05-01,DM-53-04-01-01,DM-11-08-20-01,DM-14-06-04-04,DM-14-07-05-01,DM-04-09-10-01,DM-07-05-11-04,,DM-02-13-04-01,,DM-12-02-07-02,DM-05-05-02-02,DM-15-09-05-03,DM-06-05-01-02
61,DM-17-10-04-01,DM-55-04-04-02,DM-54-02-05-02,DM-53-04-01-02,DM-11-08-21-01,DM-14-06-05-01,DM-14-11-01-01,DM-04-09-11-01,DM-07-05-12-01,,DM-02-13-04-02,,DM-12-02-08-01,DM-05-05-02-03,DM-15-09-06-01,DM-06-05-01-03
62,DM-17-10-04-02,DM-55-04-05-01,DM-54-03-01-01,DM-53-04-01-03,DM-11-08-22-01,DM-14-06-06-01,DM-14-11-01-02,DM-04-09-12-01,DM-07-05-12-02,,DM-02-13-05-01,,DM-12-02-08-02,DM-05-05-03-01,DM-15-09-07-01,DM-06-05-02-01
63,DM-17-10-05-01,DM-55-05-01-02,DM-54-03-01-02,DM-53-04-02-01,DM-11-08-23-01,DM-14-06-06-02,DM-14-11-02-01,DM-04-09-13-01,DM-07-05-12-03,,DM-02-13-05-02,,DM-12-03-01-01,DM-05-05-04-01,DM-16-02-01-01,DM-06-05-02-02
64,DM-17-10-06-01,DM-55-05-02-01,DM-54-03-01-03,DM-53-04-02-02,DM-11-10-01-01,DM-14-07-01-01,DM-14-11-02-02,DM-04-09-14-01,DM-07-05-13-01,,DM-02-13-06-01,,DM-12-03-01-02,DM-05-05-04-02,DM-16-02-01-02,DM-06-05-03-01
65,DM-17-10-07-01,DM-55-05-03-01,DM-54-03-02-01,DM-53-04-02-03,DM-11-10-02-01,DM-14-07-01-02,DM-14-11-03-01,DM-04-09-15-01,DM-07-05-13-02,,DM-02-13-06-02,,DM-12-03-02-01,DM-05-05-05-01,DM-16-02-02-01,DM-06-05-03-02
66,DM-17-10-07-02,DM-55-05-03-02,DM-54-03-02-02,DM-53-05-01-03,DM-11-10-04-01,DM-14-07-01-03,DM-14-11-06-01,DM-15-04-03-01,DM-07-05-13-03,,DM-02-15-01-01,,DM-12-03-02-02,DM-05-05-06-01,DM-16-02-02-02,DM-06-05-03-03
67,DM-17-11-01-02,DM-55-05-04-01,DM-54-04-01-01,DM-53-05-01-04,DM-11-10-05-01,DM-14-07-04-01,DM-14-11-06-03,DM-15-04-04-01,DM-07-05-14-01,,DM-02-15-02-01,,DM-12-03-03-01,DM-05-05-07-01,DM-16-02-03-01,DM-06-05-04-01
68,DM-17-11-01-03,DM-55-05-04-02,DM-54-04-02-01,DM-53-05-02-01,DM-11-10-05-02,DM-14-07-06-01,DM-17-01-02-01,DM-15-05-01-01,DM-07-05-15-01,,DM-02-15-03-01,,DM-12-03-04-02,DM-05-05-07-02,DM-16-02-03-02,DM-06-05-04-02
69,DM-17-11-01-04,DM-55-05-05-01,DM-54-04-02-02,DM-53-05-03-01,DM-11-10-06-01,DM-14-07-07-01,DM-17-01-02-02,DM-15-05-02-01,DM-07-06-08-01,,DM-02-15-04-01,,DM-12-03-05-01,DM-05-05-08-01,DM-16-02-04-01,DM-06-05-05-02
70,DM-17-11-02-01,DM-55-06-07-01,DM-54-04-03-01,DM-53-05-03-02,DM-11-10-07-01,DM-14-07-08-01,DM-17-01-03-01,DM-15-05-03-01,DM-07-06-09-01,,DM-02-15-04-02,,DM-12-03-06-01,DM-05-05-08-02,DM-16-02-04-02,DM-06-05-05-03
71,DM-17-11-02-02,DM-55-07-01-01,DM-54-04-03-02,DM-53-05-03-03,DM-11-10-07-02,DM-14-09-01-01,DM-17-01-03-02,DM-15-05-06-01,DM-07-06-10-01,,DM-02-15-05-01,,DM-12-03-06-02,DM-05-05-09-01,DM-16-02-05-01,DM-06-05-06-01
72,DM-17-11-02-03,DM-55-07-03-01,DM-54-04-03-03,DM-53-05-03-04,DM-11-10-08-01,DM-14-09-02-01,DM-17-01-04-01,DM-15-05-07-01,DM-13-01-01-01,,DM-02-15-05-02,,DM-12-03-07-01,DM-05-05-09-02,DM-16-02-05-02,DM-06-05-07-01
73,DM-17-11-02-04,DM-55-07-04-02,DM-54-04-04-01,DM-53-05-04-01,DM-11-10-11-02,DM-14-09-02-02,DM-17-01-05-01,DM-15-05-08-01,DM-13-01-01-02,,DM-02-16-01-01,,DM-12-03-08-01,DM-05-05-09-03,DM-16-03-01-01,DM-06-05-07-02
74,DM-17-11-02-05,DM-55-07-05-01,DM-54-04-04-02,DM-53-05-05-01,DM-11-10-12-01,DM-14-09-02-03,DM-17-01-05-02,DM-15-05-09-01,DM-13-01-02-01,,DM-02-16-02-01,,DM-12-03-08-02,DM-05-05-09-04,DM-16-03-02-01,DM-06-05-08-01
75,DM-17-11-03-01,DM-55-07-05-02,DM-54-04-04-03,DM-53-05-06-01,DM-11-10-12-02,DM-14-09-03-01,DM-17-01-06-01,DM-15-06-01-01,DM-13-01-03-01,,DM-02-16-02-02,,DM-12-03-09-01,DM-05-05-10-01,DM-16-03-02-02,DM-06-05-09-01
76,DM-17-11-03-02,DM-55-07-06-02,DM-54-04-04-04,DM-53-05-07-01,DM-11-10-13-01,DM-14-10-01-01,DM-17-01-06-02,DM-15-06-02-01,DM-13-01-03-02,,DM-02-16-03-01,,DM-12-03-09-02,DM-05-05-11-01,DM-16-03-04-01,DM-06-05-09-02
77,DM-17-11-03-03,DM-55-07-06-04,DM-54-05-01-01,DM-53-05-07-03,DM-11-10-14-01,DM-14-10-02-01,DM-17-01-07-02,DM-15-06-04-01,DM-13-01-03-04,,DM-02-16-03-02,,DM-12-03-10-01,DM-05-05-12-01,DM-16-03-04-02,DM-06-05-09-03
78,DM-17-11-04-01,DM-55-07-06-05,DM-54-05-01-02,DM-53-05-10-02,DM-11-10-14-02,DM-14-10-03-01,DM-17-01-08-01,DM-15-07-02-01,DM-13-01-04-02,,DM-02-16-05-01,,DM-12-03-11-01,DM-05-05-12-02,DM-16-03-05-01,DM-06-05-10-01
79,DM-17-11-04-02,DM-55-07-06-06,DM-54-05-02-01,DM-53-05-11-02,DM-11-10-15-02,DM-14-10-03-02,DM-17-01-08-02,DM-15-07-03-01,DM-13-01-04-03,,DM-11-03-01-01,,DM-12-04-01-01,DM-05-05-12-03,DM-16-03-05-02,DM-06-05-10-02
80,DM-17-11-05-01,DM-55-07-07-01,DM-54-05-03-01,DM-53-06-01-01,DM-11-10-15-03,DM-14-10-04-02,DM-17-01-08-03,DM-15-07-05-01,DM-13-01-04-05,,DM-11-03-05-01,,DM-12-04-01-02,DM-05-05-13-01,DM-16-03-06-01,DM-06-05-10-03
81,DM-17-11-05-02,DM-55-07-07-02,DM-54-06-01-02,DM-53-06-01-02,DM-11-10-15-04,DM-14-10-05-01,DM-17-01-09-01,DM-15-07-06-01,DM-13-01-05-01,,DM-11-03-06-01,,DM-12-04-02-01,DM-05-05-14-01,DM-16-04-01-01,DM-06-06-05-01
82,DM-17-11-06-01,DM-55-08-01-01,DM-54-07-01-01,DM-53-06-02-01,DM-11-10-16-02,DM-14-10-05-02,DM-17-03-01-01,DM-15-08-01-01,DM-13-01-05-02,,DM-11-03-06-02,,DM-12-04-02-02,DM-05-05-14-02,DM-16-04-01-02,DM-06-06-05-03
83,DM-17-11-06-02,DM-55-08-01-02,DM-54-07-02-01,DM-53-06-03-01,DM-11-10-16-03,DM-14-10-06-01,DM-17-03-01-02,DM-15-08-02-01,DM-13-01-06-01,,DM-11-03-10-01,,DM-12-04-03-01,DM-06-04-03-02,DM-16-04-02-01,DM-06-06-06-04
84,DM-55-06-01-01,DM-55-08-02-01,DM-54-07-03-01,DM-53-06-04-01,DM-11-10-16-04,DM-14-10-07-01,DM-17-03-02-01,DM-15-08-03-01,DM-13-01-06-02,,DM-11-03-33-01,,DM-12-04-03-02,DM-06-04-06-01,DM-16-04-02-02,DM-06-06-08-01
85,DM-55-06-01-02,DM-55-08-02-02,DM-54-07-04-01,DM-53-06-05-01,DM-11-10-58-01,DM-14-10-07-02,DM-17-03-03-01,DM-15-08-04-01,DM-13-01-07-01,,DM-11-03-34-01,,DM-12-04-04-01,DM-06-04-06-03,DM-16-04-03-01,DM-06-06-08-02
86,DM-55-06-02-01,DM-55-08-03-01,DM-54-07-05-01,DM-53-06-05-02,DM-11-10-58-02,DM-14-11-04-01,DM-17-03-03-03,DM-15-08-05-01,DM-13-01-07-02,,DM-11-03-39-01,,DM-12-04-04-03,DM-06-04-06-04,DM-16-04-03-02,DM-03-03-13-01
87,DM-55-06-02-02,DM-55-09-01-02,DM-54-08-01-01,DM-53-06-06-01,DM-11-10-59-01,DM-14-11-05-01,DM-17-03-04-01,DM-15-08-06-01,DM-13-01-08-01,,DM-11-03-42-01,,DM-12-04-05-01,DM-06-04-06-05,DM-16-04-04-01,DM-06-04-03-01
88,DM-55-06-03-01,DM-55-09-03-01,DM-54-08-02-01,DM-53-08-01-01,DM-11-10-60-01,DM-14-11-05-02,DM-17-03-04-02,DM-15-08-06-02,DM-13-01-09-01,,DM-11-03-42-02,,DM-12-04-05-02,DM-06-04-07-01,DM-16-05-01-01,DM-06-06-01-01
89,DM-55-06-03-02,,DM-54-08-03-01,DM-53-08-01-02,DM-11-10-61-01,DM-14-11-06-02,DM-17-03-05-02,DM-15-08-06-03,DM-13-02-01-01,,DM-11-03-43-01,,DM-12-04-06-01,DM-06-04-07-02,DM-16-05-02-01,DM-06-06-01-02
90,DM-55-06-03-03,,DM-54-08-04-01,DM-53-08-01-03,DM-11-10-62-01,DM-14-11-07-01,DM-17-03-05-03,DM-15-09-04-01,DM-13-02-01-02,,DM-11-03-43-02,,DM-12-04-06-02,DM-06-04-07-03,DM-16-05-02-02,DM-06-06-01-03
91,DM-55-06-03-04,,DM-54-08-05-01,DM-53-09-02-04,DM-11-10-63-01,DM-14-11-07-02,DM-17-03-05-04,DM-15-09-05-01,DM-13-02-02-01,,DM-11-03-44-01,,DM-12-04-07-01,DM-06-04-08-01,DM-16-05-03-01,DM-06-06-02-01
92,DM-55-06-04-01,,DM-54-08-06-01,DM-53-09-02-05,DM-11-10-64-01,DM-14-11-08-01,DM-17-03-06-01,DM-15-09-05-02,DM-13-02-03-01,,DM-11-06-05-01,,DM-12-04-07-02,DM-06-04-08-02,DM-16-05-03-02,DM-06-06-03-01
93,DM-55-06-04-02,,DM-54-08-07-01,DM-53-09-03-01,DM-11-10-65-01,DM-14-11-08-02,DM-17-03-06-02,DM-15-09-05-03,DM-13-02-03-02,,DM-11-06-17-01,,DM-12-04-08-01,DM-06-04-08-03,DM-16-05-04-01,DM-06-06-03-02
94,DM-55-06-05-01,,DM-54-08-08-01,DM-53-09-05-01,DM-11-10-65-02,DM-14-11-09-01,DM-17-03-07-01,DM-15-09-06-01,DM-13-02-04-04,,,,DM-12-04-09-01,DM-07-05-05-02,DM-16-05-05-01,DM-06-06-04-01
95,DM-55-06-05-02,,DM-54-08-09-01,DM-55-01-01-01,DM-11-10-66-01,DM-14-11-10-01,DM-17-03-07-02,DM-15-09-07-01,DM-13-02-05-01,,,,DM-12-05-07-01,,DM-16-06-01-01,DM-06-06-06-02
96,DM-55-06-05-03,,DM-54-09-01-01,DM-55-01-02-01,DM-11-10-66-02,DM-14-11-11-01,DM-17-04-02-01,DM-16-02-01-01,DM-13-02-05-02,,,,DM-12-05-09-01,,DM-16-06-01-02,DM-06-06-06-03
97,DM-55-06-05-04,,DM-54-09-01-02,DM-55-01-03-01,DM-11-10-67-01,DM-14-11-12-01,DM-17-04-02-02,DM-16-02-01-02,DM-13-03-01-01,,,,DM-12-06-03-01,,DM-16-06-02-01,DM-06-06-07-01
98,DM-55-06-06-01,,DM-54-09-02-01,DM-55-02-01-01,DM-11-10-67-03,DM-14-17-01-01,DM-17-04-06-01,DM-16-02-02-01,DM-13-03-01-02,,,,DM-12-06-03-02,,DM-16-06-03-01,DM-06-06-07-02
99,DM-55-06-06-02,,DM-54-09-02-02,DM-55-02-02-01,DM-11-10-68-01,DM-14-17-01-02,DM-17-04-06-02,DM-16-02-02-02,DM-13-03-01-03,,,,DM-12-06-04-01,,DM-16-06-04-01,DM-06-06-07-03
100,DM-55-06-06-04,,DM-54-09-03-01,DM-55-05-01-01,DM-11-10-68-02,DM-14-17-02-01,DM-17-06-01-01,DM-16-02-03-02,DM-13-03-02-01,,,,DM-12-06-05-01,,DM-16-06-04-02,
101,DM-55-06-06-05,,DM-54-09-04-01,DM-55-05-02-02,DM-11-10-68-03,DM-14-17-02-02,DM-17-06-01-02,DM-16-02-04-01,DM-13-03-02-02,,,,DM-12-06-06-01,,DM-16-06-05-01,
102,DM-55-07-02-01,,DM-54-09-05-01,,DM-11-10-68-04,DM-14-17-03-01,DM-17-06-02-01,DM-16-02-04-02,DM-13-04-08-01,,,,DM-12-06-07-01,,DM-16-07-01-01,
103,DM-55-07-02-02,,DM-54-09-06-01,,DM-11-10-69-01,DM-14-17-03-02,DM-17-06-02-02,DM-16-02-05-01,DM-13-04-08-02,,,,DM-12-06-07-02,,DM-16-07-02-01,
104,DM-55-07-04-01,,DM-54-09-07-01,,DM-11-10-69-02,DM-14-17-04-01,DM-17-06-03-01,DM-16-02-05-02,DM-13-04-08-04,,,,DM-12-06-08-01,,DM-16-07-03-01,
105,DM-55-07-06-03,,DM-54-09-07-02,,DM-11-10-70-01,DM-14-17-04-02,DM-17-06-04-01,DM-16-03-01-01,DM-13-04-09-01,,,,DM-12-06-10-01,,DM-16-07-04-01,
106,DM-55-09-01-01,,DM-56-01-01-01,,DM-11-10-70-02,DM-14-17-05-01,DM-17-06-04-02,DM-16-03-04-01,DM-13-04-09-02,,,,DM-12-07-07-02,,DM-16-07-05-01,
107,DM-55-09-02-01,,DM-56-01-02-01,,DM-11-10-71-01,DM-14-17-06-01,DM-17-06-04-03,DM-16-03-04-02,DM-13-05-01-01,,,,,,DM-16-07-06-01,
108,DM-55-09-02-02,,DM-56-01-03-01,,DM-11-10-71-02,DM-14-17-08-01,DM-17-06-05-01,DM-16-03-05-01,DM-13-05-01-03,,,,,,DM-16-07-06-02,
109,DM-55-09-04-01,,DM-56-01-03-02,,DM-11-10-72-01,DM-14-18-01-01,DM-17-06-06-01,DM-16-03-05-02,,,,,,,DM-16-07-07-01,
110,DM-55-09-04-02,,DM-56-01-04-01,,DM-11-10-72-02,DM-14-18-01-02,DM-17-06-07-01,DM-16-03-06-01,,,,,,,DM-16-07-08-01,
111,,,DM-56-01-05-01,,DM-11-10-72-03,DM-14-18-02-01,DM-17-06-08-01,DM-54-01-04-01,,,,,,,DM-16-07-08-02,
112,,,DM-56-02-01-01,,DM-11-10-73-02,DM-14-18-02-02,DM-17-06-08-02,DM-54-01-05-03,,,,,,,DM-16-07-09-01,
113,,,DM-56-02-02-01,,DM-11-10-73-03,DM-14-18-02-03,DM-17-07-03-01,DM-54-01-06-01,,,,,,,DM-16-08-04-01,
114,,,DM-56-02-02-02,,DM-11-10-73-04,DM-14-18-02-04,DM-17-07-03-02,DM-54-01-06-02,,,,,,,DM-16-08-04-02,
115,,,DM-56-02-03-01,,,DM-14-18-03-01,DM-17-07-04-01,DM-54-02-02-01,,,,,,,DM-03-01-01-01,
116,,,DM-56-02-04-01,,,DM-14-18-04-01,DM-17-07-04-02,DM-54-02-02-02,,,,,,,DM-03-01-03-01,
117,,,DM-56-02-05-01,,,DM-14-18-04-02,DM-17-07-07-01,DM-54-02-04-04,,,,,,,DM-03-02-01-01,
118,,,DM-56-02-05-02,,,DM-14-18-04-03,,DM-54-02-05-03,,,,,,,DM-15-04-04-02,
119,,,DM-56-02-06-01,,,DM-14-18-05-01,,DM-54-02-07-01,,,,,,,DM-15-05-04-01,
120,,,DM-56-02-07-01,,,DM-14-18-05-02,,DM-54-06-01-03,,,,,,,DM-15-05-05-01,
121,,,DM-56-02-08-01,,,DM-14-18-06-01,,DM-54-06-01-04,,,,,,,DM-15-09-01-01,
122,,,DM-56-02-09-01,,,,,DM-54-06-02-01,,,,,,,DM-15-09-01-02,
123,,,DM-56-03-01-01,,,,,DM-54-06-02-02,,,,,,,DM-16-07-03-02,
124,,,DM-56-03-02-01,,,,,DM-54-06-03-01,,,,,,,DM-16-07-04-02,
125,,,DM-56-03-03-01,,,,,DM-54-06-04-01,,,,,,,,
126,,,DM-56-03-04-01,,,,,DM-54-06-04-02,,,,,,,,
127,,,DM-56-03-05-01,,,,,DM-54-06-04-03,,,,,,,,
128,,,DM-56-03-06-01,,,,,DM-56-02-01-01,,,,,,,,
129,,,DM-56-03-06-02,,,,,,,,,,,,,
130,,,DM-56-04-01-01,,,,,,,,,,,,,
131,,,DM-56-04-03-01,,,,,,,,,,,,,
132,,,DM-56-04-05-01,,,,,,,,,,,,,
133,,,DM-56-05-01-01,,,,,,,,,,,,,
134,,,DM-56-05-01-02,,,,,,,,,,,,,
135,,,DM-56-05-01-03,,,,,,,,,,,,,
136,,,DM-56-05-02-01,,,,,,,,,,,,,
137,,,DM-56-05-03-01,,,,,,,,,,,,,
138,,,DM-56-05-04-01,,,,,,,,,,,,,
139,,,DM-56-05-05-01,,,,,,,,,,,,,
140,,,DM-56-05-06-01,,,,,,,,,,,,,
141,,,DM-56-05-07-01,,,,,,,,,,,,,
142,,,DM-56-06-01-01,,,,,,,,,,,,,
143,,,DM-56-06-02-01,,,,,,,,,,,,,
144,,,DM-56-06-03-01,,,,,,,,,,,,,
145,,,DM-56-06-03-02,,,,,,,,,,,,,
146,,,DM-56-06-04-01,,,,,,,,,,,,,
147,,,DM-56-06-05-01,,,,,,,,,,,,,
148,,,DM-56-07-01-01,,,,,,,,,,,,,
149,,,DM-56-07-02-01,,,,,,,,,,,,,
150,,,DM-56-07-03-01,,,,,,,,,,,,,
151,,,DM-56-07-04-01,,,,,,,,,,,,,
152,,,DM-56-07-05-01,,,,,,,,,,,,,
153,,,DM-56-07-05-02,,,,,,,,,,,,,
